PLC/Island 1/ConveyorBelt/ConveyorBelt01/measurements/input/conveyorSensFeed,"{""value"": true, ""timestamp"": ""2025-05-12T11:59:13.956609+00:00Z""}",0,True,1747051334.0506418,0.00019168853759765625
PLC/Island 1/ConveyorBelt/ConveyorBelt01/measurements/input/conveyorSensSwap,"{""value"": true, ""timestamp"": ""2025-05-12T11:59:13.956741+00:00Z""}",0,True,1747051334.0508258,0.00018405914306640625
PLC/Island 1/ConveyorBelt/ConveyorBelt01/measurements/input/conveyorSensImpulse,"{""value"": true, ""timestamp"": ""2025-05-12T11:59:13.956817+00:00Z""}",0,True,1747051334.0510366,0.00021076202392578125
PLC/Island 1/ConveyorBelt/ConveyorBelt01/measurements/internal/isExecuting,"{""value"": false, ""timestamp"": ""2025-05-12T11:59:13.957362+00:00Z""}",0,True,1747051334.0512443,0.00020766258239746094
PLC/Island 1/ConveyorBelt/ConveyorBelt01/measurements/output/conveyorActForward,"{""value"": false, ""timestamp"": ""2025-05-12T11:59:13.957866+00:00Z""}",0,True,1747051334.0514245,0.00018024444580078125
PLC/Island 1/ConveyorBelt/ConveyorBelt01/measurements/output/conveyorActBackward,"{""value"": false, ""timestamp"": ""2025-05-12T11:59:13.957997+00:00Z""}",0,True,1747051334.0516214,0.00019693374633789062
PLC/Island 1/ConveyorBelt/ConveyorBelt01/events/emitted/machine_feedback,"{""value"": ""{\""jsonType\"": \""MACHINE_FEEDBACK\"", \""status\"": \""INITIALIZED_IDLE\"", \""info\"": \""\""}"", ""timestamp"": ""2025-05-12T11:59:13.974168+00:00Z""}",0,True,1747051334.0518105,0.00018906593322753906
PLC/Island 1/ConveyorBelt/ConveyorBelt01/events/emitted/command_feedback,"{""value"": ""{\""jsonType\"": \""COMMAND_FEEDBACK\"", \""commandId\"": 6, \""status\"": \""DONE\"", \""info\"": \""routine finished\\nLast subCycleStepResult: target config reached CycleStepResultEnum.DONE\""}"", ""timestamp"": ""2025-05-12T11:58:55.083575+00:00Z""}",0,True,1747051334.052028,0.000217437744140625
PLC/Island 1/ConveyorBelt/ConveyorBelt01/events/received/command,"{""value"": ""\""COMMAND CONVEYOR 6 MOVE_TO_SENSOR [<Direction.FORWARD: 1>]\"""", ""timestamp"": ""2025-05-12T11:58:54.174205+00:00Z""}",0,True,1747051334.0522554,0.00022745132446289062
PLC/Island 1/ConveyorBelt/ConveyorBelt01/events/received/command,"{""value"": ""\""COMMAND CONVEYOR 6 MOVE_TO_SENSOR [<Direction.FORWARD: 1>]\"""", ""timestamp"": ""2025-05-12T12:00:59.975931+00:00Z""}",0,False,1747051404.2785013,0.04555344581604004
PLC/Island 1/ConveyorBelt/ConveyorBelt01/events/emitted/command_feedback,"{""value"": ""{\""jsonType\"": \""COMMAND_FEEDBACK\"", \""commandId\"": 6, \""status\"": \""MUST_CONTINUE\"", \""info\"": \""running subroutine 1/2: SubRoutine(<function Runner.then_run.<locals>.sub_routine_runnable at 0xb4d86810>)\\nLast subCycleStepResult:  CycleStepResultEnum.MUST_CONTINUE\""}"", ""timestamp"": ""2025-05-12T12:00:59.984607+00:00Z""}",0,False,1747051404.2794387,0.0009374618530273438
PLC/Island 1/ConveyorBelt/ConveyorBelt01/measurements/internal/isExecuting,"{""value"": true, ""timestamp"": ""2025-05-12T12:00:59.990678+00:00Z""}",0,False,1747051404.2814658,0.00011205673217773438
PLC/Island 1/ConveyorBelt/ConveyorBelt01/measurements/output/conveyorActForward,"{""value"": true, ""timestamp"": ""2025-05-12T12:00:59.992112+00:00Z""}",0,False,1747051404.2815762,0.00011038780212402344
PLC/Island 1/ConveyorBelt/ConveyorBelt01/measurements/output/conveyorActBackward,"{""value"": false, ""timestamp"": ""2025-05-12T12:00:59.992450+00:00Z""}",0,False,1747051404.281686,0.00010991096496582031
PLC/Island 1/ConveyorBelt/ConveyorBelt01/events/emitted/machine_feedback,"{""value"": ""{\""jsonType\"": \""MACHINE_FEEDBACK\"", \""status\"": \""INITIALIZED_ACTIVE\"", \""info\"": \""\""}"", ""timestamp"": ""2025-05-12T12:01:00.031267+00:00Z""}",0,False,1747051404.3238595,0.04217338562011719
PLC/Island 1/ConveyorBelt/ConveyorBelt01/events/emitted/command_feedback,"{""value"": ""{\""jsonType\"": \""COMMAND_FEEDBACK\"", \""commandId\"": 6, \""status\"": \""MUST_CONTINUE\"", \""info\"": \""running subroutine 1/2: SubRoutine(<function Runner.then_run.<locals>.sub_routine_runnable at 0xb4d86810>)\\nLast subCycleStepResult:  CycleStepResultEnum.MUST_CONTINUE\""}"", ""timestamp"": ""2025-05-12T12:01:00.047967+00:00Z""}",0,False,1747051404.3383522,0.0019078254699707031
PLC/Island 1/ConveyorBelt/ConveyorBelt01/measurements/input/conveyorSensFeed,"{""value"": true, ""timestamp"": ""2025-05-12T12:01:00.096857+00:00Z""}",0,False,1747051404.3863604,0.0006737709045410156
PLC/Island 1/ConveyorBelt/ConveyorBelt01/measurements/input/conveyorSensSwap,"{""value"": true, ""timestamp"": ""2025-05-12T12:01:00.097660+00:00Z""}",0,False,1747051404.3867197,0.0003592967987060547
PLC/Island 1/ConveyorBelt/ConveyorBelt01/measurements/input/conveyorSensImpulse,"{""value"": false, ""timestamp"": ""2025-05-12T12:01:00.098517+00:00Z""}",0,False,1747051404.387241,0.0005211830139160156
PLC/Island 1/ConveyorBelt/ConveyorBelt01/measurements/input/conveyorSensFeed,"{""value"": true, ""timestamp"": ""2025-05-12T12:01:00.179045+00:00Z""}",0,False,1747051404.469705,0.000244140625
PLC/Island 1/ConveyorBelt/ConveyorBelt01/measurements/input/conveyorSensSwap,"{""value"": true, ""timestamp"": ""2025-05-12T12:01:00.179906+00:00Z""}",0,False,1747051404.4698942,0.00018906593322753906
PLC/Island 1/ConveyorBelt/ConveyorBelt01/measurements/input/conveyorSensImpulse,"{""value"": true, ""timestamp"": ""2025-05-12T12:01:00.180175+00:00Z""}",0,False,1747051404.4700763,0.00018215179443359375
PLC/Island 1/ConveyorBelt/ConveyorBelt01/measurements/input/conveyorSensFeed,"{""value"": true, ""timestamp"": ""2025-05-12T12:01:00.261861+00:00Z""}",0,False,1747051404.5507689,8.440017700195312e-05
PLC/Island 1/ConveyorBelt/ConveyorBelt01/measurements/input/conveyorSensSwap,"{""value"": true, ""timestamp"": ""2025-05-12T12:01:00.262147+00:00Z""}",0,False,1747051404.551286,0.0005171298980712891
PLC/Island 1/ConveyorBelt/ConveyorBelt01/measurements/input/conveyorSensImpulse,"{""value"": false, ""timestamp"": ""2025-05-12T12:01:00.262508+00:00Z""}",0,False,1747051404.5516312,0.0003452301025390625
PLC/Island 1/ConveyorBelt/ConveyorBelt01/measurements/input/conveyorSensFeed,"{""value"": true, ""timestamp"": ""2025-05-12T12:01:00.424130+00:00Z""}",0,False,1747051404.714086,0.00021982192993164062
PLC/Island 1/ConveyorBelt/ConveyorBelt01/measurements/input/conveyorSensSwap,"{""value"": true, ""timestamp"": ""2025-05-12T12:01:00.424518+00:00Z""}",0,False,1747051404.7143025,0.00021648406982421875
PLC/Island 1/ConveyorBelt/ConveyorBelt01/measurements/input/conveyorSensImpulse,"{""value"": true, ""timestamp"": ""2025-05-12T12:01:00.425266+00:00Z""}",0,False,1747051404.7145207,0.0002181529998779297
PLC/Island 1/ConveyorBelt/ConveyorBelt01/measurements/input/conveyorSensFeed,"{""value"": true, ""timestamp"": ""2025-05-12T12:01:00.510923+00:00Z""}",0,False,1747051404.8020601,0.0001647472381591797
PLC/Island 1/ConveyorBelt/ConveyorBelt01/measurements/input/conveyorSensSwap,"{""value"": true, ""timestamp"": ""2025-05-12T12:01:00.511244+00:00Z""}",0,False,1747051404.8021512,9.107589721679688e-05
PLC/Island 1/ConveyorBelt/ConveyorBelt01/measurements/input/conveyorSensImpulse,"{""value"": false, ""timestamp"": ""2025-05-12T12:01:00.512424+00:00Z""}",0,False,1747051404.80236,0.00020885467529296875
PLC/Island 1/ConveyorBelt/ConveyorBelt01/measurements/input/conveyorSensFeed,"{""value"": true, ""timestamp"": ""2025-05-12T12:01:00.590913+00:00Z""}",0,False,1747051404.8793528,5.364418029785156e-05
PLC/Island 1/ConveyorBelt/ConveyorBelt01/measurements/input/conveyorSensSwap,"{""value"": true, ""timestamp"": ""2025-05-12T12:01:00.591253+00:00Z""}",0,False,1747051404.8794022,4.935264587402344e-05
PLC/Island 1/ConveyorBelt/ConveyorBelt01/measurements/input/conveyorSensImpulse,"{""value"": true, ""timestamp"": ""2025-05-12T12:01:00.591422+00:00Z""}",0,False,1747051404.8795407,0.0001385211944580078
PLC/Island 1/ConveyorBelt/ConveyorBelt01/measurements/input/conveyorSensFeed,"{""value"": true, ""timestamp"": ""2025-05-12T12:01:00.712496+00:00Z""}",0,False,1747051405.0018709,0.00017547607421875
PLC/Island 1/ConveyorBelt/ConveyorBelt01/measurements/input/conveyorSensSwap,"{""value"": true, ""timestamp"": ""2025-05-12T12:01:00.713034+00:00Z""}",0,False,1747051405.0022051,0.0003342628479003906
PLC/Island 1/ConveyorBelt/ConveyorBelt01/measurements/input/conveyorSensImpulse,"{""value"": false, ""timestamp"": ""2025-05-12T12:01:00.713237+00:00Z""}",0,False,1747051405.0023923,0.00018715858459472656
PLC/Island 1/ConveyorBelt/ConveyorBelt01/measurements/input/conveyorSensFeed,"{""value"": true, ""timestamp"": ""2025-05-12T12:01:00.832525+00:00Z""}",0,False,1747051405.1207721,7.319450378417969e-05
PLC/Island 1/ConveyorBelt/ConveyorBelt01/measurements/input/conveyorSensSwap,"{""value"": true, ""timestamp"": ""2025-05-12T12:01:00.832777+00:00Z""}",0,False,1747051405.1208591,8.702278137207031e-05
PLC/Island 1/ConveyorBelt/ConveyorBelt01/measurements/input/conveyorSensImpulse,"{""value"": true, ""timestamp"": ""2025-05-12T12:01:00.832918+00:00Z""}",0,False,1747051405.1212258,0.0003666877746582031
PLC/Island 1/ConveyorBelt/ConveyorBelt01/measurements/input/conveyorSensFeed,"{""value"": true, ""timestamp"": ""2025-05-12T12:01:00.912711+00:00Z""}",0,False,1747051405.2021947,0.0002448558807373047
PLC/Island 1/ConveyorBelt/ConveyorBelt01/measurements/input/conveyorSensSwap,"{""value"": true, ""timestamp"": ""2025-05-12T12:01:00.912929+00:00Z""}",0,False,1747051405.2023802,0.00018548965454101562
PLC/Island 1/ConveyorBelt/ConveyorBelt01/measurements/input/conveyorSensImpulse,"{""value"": false, ""timestamp"": ""2025-05-12T12:01:00.913060+00:00Z""}",0,False,1747051405.202569,0.0001888275146484375
PLC/Island 1/ConveyorBelt/ConveyorBelt01/measurements/input/conveyorSensFeed,"{""value"": true, ""timestamp"": ""2025-05-12T12:01:01.035171+00:00Z""}",0,False,1747051405.324342,0.0003910064697265625
PLC/Island 1/ConveyorBelt/ConveyorBelt01/measurements/input/conveyorSensSwap,"{""value"": true, ""timestamp"": ""2025-05-12T12:01:01.035448+00:00Z""}",0,False,1747051405.325203,0.0008609294891357422
PLC/Island 1/ConveyorBelt/ConveyorBelt01/measurements/input/conveyorSensImpulse,"{""value"": true, ""timestamp"": ""2025-05-12T12:01:01.035848+00:00Z""}",0,False,1747051405.3255734,0.0003705024719238281
PLC/Island 1/ConveyorBelt/ConveyorBelt01/measurements/input/conveyorSensFeed,"{""value"": true, ""timestamp"": ""2025-05-12T12:01:01.120210+00:00Z""}",0,False,1747051405.4084995,0.0007030963897705078
PLC/Island 1/ConveyorBelt/ConveyorBelt01/measurements/input/conveyorSensSwap,"{""value"": true, ""timestamp"": ""2025-05-12T12:01:01.120892+00:00Z""}",0,False,1747051405.4101095,0.0016100406646728516
PLC/Island 1/ConveyorBelt/ConveyorBelt01/measurements/input/conveyorSensImpulse,"{""value"": false, ""timestamp"": ""2025-05-12T12:01:01.122123+00:00Z""}",0,False,1747051405.4107988,0.0006892681121826172
PLC/Island 1/ConveyorBelt/ConveyorBelt01/measurements/input/conveyorSensFeed,"{""value"": true, ""timestamp"": ""2025-05-12T12:01:01.254152+00:00Z""}",0,False,1747051405.543222,8.869171142578125e-05
PLC/Island 1/ConveyorBelt/ConveyorBelt01/measurements/input/conveyorSensSwap,"{""value"": true, ""timestamp"": ""2025-05-12T12:01:01.254517+00:00Z""}",0,False,1747051405.5433004,7.843971252441406e-05
PLC/Island 1/ConveyorBelt/ConveyorBelt01/measurements/input/conveyorSensImpulse,"{""value"": true, ""timestamp"": ""2025-05-12T12:01:01.254692+00:00Z""}",0,False,1747051405.5442705,0.0009701251983642578
PLC/Island 1/ConveyorBelt/ConveyorBelt01/measurements/input/conveyorSensFeed,"{""value"": true, ""timestamp"": ""2025-05-12T12:01:01.334891+00:00Z""}",0,False,1747051405.6240416,5.4836273193359375e-05
PLC/Island 1/ConveyorBelt/ConveyorBelt01/measurements/input/conveyorSensSwap,"{""value"": true, ""timestamp"": ""2025-05-12T12:01:01.335224+00:00Z""}",0,False,1747051405.6250079,0.0009663105010986328
PLC/Island 1/ConveyorBelt/ConveyorBelt01/measurements/input/conveyorSensImpulse,"{""value"": false, ""timestamp"": ""2025-05-12T12:01:01.335558+00:00Z""}",0,False,1747051405.6253965,0.0003886222839355469
PLC/Island 1/ConveyorBelt/ConveyorBelt01/measurements/input/conveyorSensFeed,"{""value"": true, ""timestamp"": ""2025-05-12T12:01:01.416449+00:00Z""}",0,False,1747051405.7061315,0.00018143653869628906
PLC/Island 1/ConveyorBelt/ConveyorBelt01/measurements/input/conveyorSensSwap,"{""value"": true, ""timestamp"": ""2025-05-12T12:01:01.417341+00:00Z""}",0,False,1747051405.7063687,0.0002372264862060547
PLC/Island 1/ConveyorBelt/ConveyorBelt01/measurements/input/conveyorSensImpulse,"{""value"": true, ""timestamp"": ""2025-05-12T12:01:01.417564+00:00Z""}",0,False,1747051405.7066216,0.0002529621124267578
PLC/Island 1/ConveyorBelt/ConveyorBelt01/measurements/input/conveyorSensFeed,"{""value"": true, ""timestamp"": ""2025-05-12T12:01:01.496922+00:00Z""}",0,False,1747051405.7862825,2.7894973754882812e-05
PLC/Island 1/ConveyorBelt/ConveyorBelt01/measurements/input/conveyorSensSwap,"{""value"": true, ""timestamp"": ""2025-05-12T12:01:01.497328+00:00Z""}",0,False,1747051405.7863073,2.47955322265625e-05
PLC/Island 1/ConveyorBelt/ConveyorBelt01/measurements/input/conveyorSensImpulse,"{""value"": false, ""timestamp"": ""2025-05-12T12:01:01.497710+00:00Z""}",0,False,1747051405.7863352,2.7894973754882812e-05
PLC/Island 1/ConveyorBelt/ConveyorBelt01/measurements/input/conveyorSensFeed,"{""value"": true, ""timestamp"": ""2025-05-12T12:01:01.621776+00:00Z""}",0,False,1747051405.9119856,0.00021314620971679688
PLC/Island 1/ConveyorBelt/ConveyorBelt01/measurements/input/conveyorSensSwap,"{""value"": true, ""timestamp"": ""2025-05-12T12:01:01.622610+00:00Z""}",0,False,1747051405.9123673,0.00038170814514160156
PLC/Island 1/ConveyorBelt/ConveyorBelt01/measurements/input/conveyorSensImpulse,"{""value"": true, ""timestamp"": ""2025-05-12T12:01:01.622955+00:00Z""}",0,False,1747051405.9125912,0.0002238750457763672
PLC/Island 1/ConveyorBelt/ConveyorBelt01/measurements/input/conveyorSensFeed,"{""value"": true, ""timestamp"": ""2025-05-12T12:01:01.702023+00:00Z""}",0,False,1747051405.991698,0.00017547607421875
PLC/Island 1/ConveyorBelt/ConveyorBelt01/measurements/input/conveyorSensSwap,"{""value"": true, ""timestamp"": ""2025-05-12T12:01:01.702365+00:00Z""}",0,False,1747051405.992178,0.0004799365997314453
PLC/Island 1/ConveyorBelt/ConveyorBelt01/measurements/input/conveyorSensImpulse,"{""value"": false, ""timestamp"": ""2025-05-12T12:01:01.703277+00:00Z""}",0,False,1747051405.992551,0.0003731250762939453
PLC/Island 1/ConveyorBelt/ConveyorBelt01/measurements/input/conveyorSensFeed,"{""value"": true, ""timestamp"": ""2025-05-12T12:01:01.824371+00:00Z""}",0,False,1747051406.1144028,0.00122833251953125
PLC/Island 1/ConveyorBelt/ConveyorBelt01/measurements/input/conveyorSensSwap,"{""value"": true, ""timestamp"": ""2025-05-12T12:01:01.824783+00:00Z""}",0,False,1747051406.1148114,0.0004086494445800781
PLC/Island 1/ConveyorBelt/ConveyorBelt01/measurements/input/conveyorSensImpulse,"{""value"": true, ""timestamp"": ""2025-05-12T12:01:01.825003+00:00Z""}",0,False,1747051406.1150336,0.00022220611572265625
PLC/Island 1/ConveyorBelt/ConveyorBelt01/measurements/input/conveyorSensFeed,"{""value"": true, ""timestamp"": ""2025-05-12T12:01:01.901774+00:00Z""}",0,False,1747051406.1910968,3.1948089599609375e-05
PLC/Island 1/ConveyorBelt/ConveyorBelt01/measurements/input/conveyorSensSwap,"{""value"": true, ""timestamp"": ""2025-05-12T12:01:01.902070+00:00Z""}",0,False,1747051406.1911283,3.147125244140625e-05
PLC/Island 1/ConveyorBelt/ConveyorBelt01/measurements/input/conveyorSensImpulse,"{""value"": false, ""timestamp"": ""2025-05-12T12:01:01.902275+00:00Z""}",0,False,1747051406.1911607,3.24249267578125e-05
PLC/Island 1/ConveyorBelt/ConveyorBelt01/measurements/input/conveyorSensFeed,"{""value"": true, ""timestamp"": ""2025-05-12T12:01:02.022432+00:00Z""}",0,False,1747051406.3126817,0.00011587142944335938
PLC/Island 1/ConveyorBelt/ConveyorBelt01/measurements/input/conveyorSensSwap,"{""value"": true, ""timestamp"": ""2025-05-12T12:01:02.022645+00:00Z""}",0,False,1747051406.312859,0.0001773834228515625
PLC/Island 1/ConveyorBelt/ConveyorBelt01/measurements/input/conveyorSensImpulse,"{""value"": true, ""timestamp"": ""2025-05-12T12:01:02.022776+00:00Z""}",0,False,1747051406.3130531,0.00019407272338867188
PLC/Island 1/ConveyorBelt/ConveyorBelt01/measurements/input/conveyorSensFeed,"{""value"": true, ""timestamp"": ""2025-05-12T12:01:02.103119+00:00Z""}",0,False,1747051406.3928974,5.2928924560546875e-05
PLC/Island 1/ConveyorBelt/ConveyorBelt01/measurements/input/conveyorSensSwap,"{""value"": true, ""timestamp"": ""2025-05-12T12:01:02.103413+00:00Z""}",0,False,1747051406.3929565,5.91278076171875e-05
PLC/Island 1/ConveyorBelt/ConveyorBelt01/measurements/input/conveyorSensImpulse,"{""value"": false, ""timestamp"": ""2025-05-12T12:01:02.103603+00:00Z""}",0,False,1747051406.3930275,7.104873657226562e-05
PLC/Island 1/ConveyorBelt/ConveyorBelt01/measurements/input/conveyorSensFeed,"{""value"": true, ""timestamp"": ""2025-05-12T12:01:02.227536+00:00Z""}",0,False,1747051406.5176961,9.942054748535156e-05
PLC/Island 1/ConveyorBelt/ConveyorBelt01/measurements/input/conveyorSensSwap,"{""value"": true, ""timestamp"": ""2025-05-12T12:01:02.227935+00:00Z""}",0,False,1747051406.5177948,9.870529174804688e-05
PLC/Island 1/ConveyorBelt/ConveyorBelt01/measurements/input/conveyorSensImpulse,"{""value"": true, ""timestamp"": ""2025-05-12T12:01:02.228262+00:00Z""}",0,False,1747051406.5178862,9.131431579589844e-05
PLC/Island 1/ConveyorBelt/ConveyorBelt01/measurements/input/conveyorSensFeed,"{""value"": true, ""timestamp"": ""2025-05-12T12:01:02.306404+00:00Z""}",0,False,1747051406.5968492,0.00010395050048828125
PLC/Island 1/ConveyorBelt/ConveyorBelt01/measurements/input/conveyorSensSwap,"{""value"": true, ""timestamp"": ""2025-05-12T12:01:02.306671+00:00Z""}",0,False,1747051406.5976532,0.0008039474487304688
PLC/Island 1/ConveyorBelt/ConveyorBelt01/measurements/input/conveyorSensImpulse,"{""value"": false, ""timestamp"": ""2025-05-12T12:01:02.306953+00:00Z""}",0,False,1747051406.5980191,0.00036597251892089844
PLC/Island 1/ConveyorBelt/ConveyorBelt01/measurements/input/conveyorSensFeed,"{""value"": true, ""timestamp"": ""2025-05-12T12:01:02.426233+00:00Z""}",0,False,1747051406.7161841,0.0002052783966064453
PLC/Island 1/ConveyorBelt/ConveyorBelt01/measurements/input/conveyorSensSwap,"{""value"": true, ""timestamp"": ""2025-05-12T12:01:02.426486+00:00Z""}",0,False,1747051406.7163007,0.00011658668518066406
PLC/Island 1/ConveyorBelt/ConveyorBelt01/measurements/input/conveyorSensImpulse,"{""value"": true, ""timestamp"": ""2025-05-12T12:01:02.426671+00:00Z""}",0,False,1747051406.7164743,0.0001735687255859375
PLC/Island 1/ConveyorBelt/ConveyorBelt01/measurements/input/conveyorSensFeed,"{""value"": true, ""timestamp"": ""2025-05-12T12:01:02.509523+00:00Z""}",0,False,1747051406.7991815,0.0013608932495117188
PLC/Island 1/ConveyorBelt/ConveyorBelt01/measurements/input/conveyorSensSwap,"{""value"": true, ""timestamp"": ""2025-05-12T12:01:02.509794+00:00Z""}",0,False,1747051406.799472,0.0002906322479248047
PLC/Island 1/ConveyorBelt/ConveyorBelt01/measurements/input/conveyorSensImpulse,"{""value"": false, ""timestamp"": ""2025-05-12T12:01:02.509981+00:00Z""}",0,False,1747051406.799568,9.584426879882812e-05
PLC/Island 1/ConveyorBelt/ConveyorBelt01/measurements/input/conveyorSensFeed,"{""value"": true, ""timestamp"": ""2025-05-12T12:01:02.633759+00:00Z""}",0,False,1747051406.9226983,0.0012760162353515625
PLC/Island 1/ConveyorBelt/ConveyorBelt01/measurements/input/conveyorSensSwap,"{""value"": true, ""timestamp"": ""2025-05-12T12:01:02.634212+00:00Z""}",0,False,1747051406.9233932,0.0006949901580810547
PLC/Island 1/ConveyorBelt/ConveyorBelt01/measurements/input/conveyorSensImpulse,"{""value"": true, ""timestamp"": ""2025-05-12T12:01:02.635338+00:00Z""}",0,False,1747051406.9237425,0.00034928321838378906
PLC/Island 1/ConveyorBelt/ConveyorBelt01/measurements/input/conveyorSensFeed,"{""value"": true, ""timestamp"": ""2025-05-12T12:01:02.711707+00:00Z""}",0,False,1747051407.000114,0.0006797313690185547
PLC/Island 1/ConveyorBelt/ConveyorBelt01/measurements/input/conveyorSensSwap,"{""value"": true, ""timestamp"": ""2025-05-12T12:01:02.712023+00:00Z""}",0,False,1747051407.0010054,0.0008914470672607422
PLC/Island 1/ConveyorBelt/ConveyorBelt01/measurements/input/conveyorSensImpulse,"{""value"": false, ""timestamp"": ""2025-05-12T12:01:02.712404+00:00Z""}",0,False,1747051407.001376,0.0003705024719238281
PLC/Island 1/ConveyorBelt/ConveyorBelt01/measurements/input/conveyorSensFeed,"{""value"": true, ""timestamp"": ""2025-05-12T12:01:02.830376+00:00Z""}",0,False,1747051407.120976,0.00016045570373535156
PLC/Island 1/ConveyorBelt/ConveyorBelt01/measurements/input/conveyorSensSwap,"{""value"": true, ""timestamp"": ""2025-05-12T12:01:02.830634+00:00Z""}",0,False,1747051407.1213837,0.0004076957702636719
PLC/Island 1/ConveyorBelt/ConveyorBelt01/measurements/input/conveyorSensImpulse,"{""value"": true, ""timestamp"": ""2025-05-12T12:01:02.830923+00:00Z""}",0,False,1747051407.1215925,0.00020885467529296875
PLC/Island 1/ConveyorBelt/ConveyorBelt01/measurements/input/conveyorSensFeed,"{""value"": true, ""timestamp"": ""2025-05-12T12:01:02.910784+00:00Z""}",0,False,1747051407.2004385,0.0010669231414794922
PLC/Island 1/ConveyorBelt/ConveyorBelt01/measurements/input/conveyorSensSwap,"{""value"": true, ""timestamp"": ""2025-05-12T12:01:02.911149+00:00Z""}",0,False,1747051407.2008493,0.0004107952117919922
PLC/Island 1/ConveyorBelt/ConveyorBelt01/measurements/input/conveyorSensImpulse,"{""value"": false, ""timestamp"": ""2025-05-12T12:01:02.911455+00:00Z""}",0,False,1747051407.2009401,9.083747863769531e-05
PLC/Island 1/ConveyorBelt/ConveyorBelt01/events/emitted/command_feedback,"{""value"": ""{\""jsonType\"": \""COMMAND_FEEDBACK\"", \""commandId\"": 6, \""status\"": \""DONE\"", \""info\"": \""routine finished\\nLast subCycleStepResult: target config reached CycleStepResultEnum.DONE\""}"", ""timestamp"": ""2025-05-12T12:01:02.986630+00:00Z""}",0,False,1747051407.2823026,0.04457283020019531
PLC/Island 1/ConveyorBelt/ConveyorBelt01/measurements/input/conveyorSensFeed,"{""value"": true, ""timestamp"": ""2025-05-12T12:01:02.993911+00:00Z""}",0,False,1747051407.2850723,0.000274658203125
PLC/Island 1/ConveyorBelt/ConveyorBelt01/measurements/input/conveyorSensSwap,"{""value"": false, ""timestamp"": ""2025-05-12T12:01:02.994245+00:00Z""}",0,False,1747051407.2853334,0.00026106834411621094
PLC/Island 1/ConveyorBelt/ConveyorBelt01/measurements/input/conveyorSensImpulse,"{""value"": false, ""timestamp"": ""2025-05-12T12:01:02.994536+00:00Z""}",0,False,1747051407.2856178,0.00028443336486816406
PLC/Island 1/ConveyorBelt/ConveyorBelt01/measurements/internal/isExecuting,"{""value"": false, ""timestamp"": ""2025-05-12T12:01:02.995330+00:00Z""}",0,False,1747051407.2858572,0.00023937225341796875
PLC/Island 1/ConveyorBelt/ConveyorBelt01/measurements/output/conveyorActForward,"{""value"": false, ""timestamp"": ""2025-05-12T12:01:02.995976+00:00Z""}",0,False,1747051407.286093,0.0002357959747314453
PLC/Island 1/ConveyorBelt/ConveyorBelt01/measurements/output/conveyorActBackward,"{""value"": false, ""timestamp"": ""2025-05-12T12:01:02.996236+00:00Z""}",0,False,1747051407.2863605,0.0002675056457519531
PLC/Island 1/ConveyorBelt/ConveyorBelt01/events/emitted/machine_feedback,"{""value"": ""{\""jsonType\"": \""MACHINE_FEEDBACK\"", \""status\"": \""INITIALIZED_IDLE\"", \""info\"": \""\""}"", ""timestamp"": ""2025-05-12T12:01:03.022975+00:00Z""}",0,False,1747051407.3196614,0.03330087661743164
PLC/Island 1/ConveyorBelt/ConveyorBelt01/measurements/input/conveyorSensFeed,"{""value"": true, ""timestamp"": ""2025-05-12T12:01:03.033002+00:00Z""}",0,False,1747051407.3227777,0.0002620220184326172
PLC/Island 1/ConveyorBelt/ConveyorBelt01/measurements/input/conveyorSensSwap,"{""value"": false, ""timestamp"": ""2025-05-12T12:01:03.033235+00:00Z""}",0,False,1747051407.3230207,0.0002429485321044922
PLC/Island 1/ConveyorBelt/ConveyorBelt01/measurements/input/conveyorSensImpulse,"{""value"": true, ""timestamp"": ""2025-05-12T12:01:03.033471+00:00Z""}",0,False,1747051407.3232715,0.00025081634521484375
PLC/Island 1/ConveyorBelt/ConveyorBelt01/measurements/input/conveyorSensFeed,"{""value"": true, ""timestamp"": ""2025-05-12T12:01:15.362951+00:00Z""}",0,False,1747051419.6535802,0.00023865699768066406
PLC/Island 1/ConveyorBelt/ConveyorBelt01/measurements/input/conveyorSensSwap,"{""value"": true, ""timestamp"": ""2025-05-12T12:01:15.363266+00:00Z""}",0,False,1747051419.653771,0.00019073486328125
PLC/Island 1/ConveyorBelt/ConveyorBelt01/measurements/input/conveyorSensImpulse,"{""value"": true, ""timestamp"": ""2025-05-12T12:01:15.363590+00:00Z""}",0,False,1747051419.653934,0.00016307830810546875
