PLC/Island 1/SortingLine/SortingLine01/measurements/input/sortingLineSensInputLightBarrier,"{""value"": true, ""timestamp"": ""2025-05-12T11:59:13.961678+00:00Z""}",0,True,1747051334.0573792,0.00015115737915039062
PLC/Island 1/SortingLine/SortingLine01/measurements/input/sortingLineSensMiddleLightBarrier,"{""value"": true, ""timestamp"": ""2025-05-12T11:59:13.961802+00:00Z""}",0,True,1747051334.0575333,0.00015401840209960938
PLC/Island 1/SortingLine/SortingLine01/measurements/input/sortingLineSensWhiteLightBarrier,"{""value"": true, ""timestamp"": ""2025-05-12T11:59:13.961877+00:00Z""}",0,True,1747051334.0576758,0.00014257431030273438
PLC/Island 1/SortingLine/SortingLine01/measurements/input/sortingLineSensBlueLightBarrier,"{""value"": true, ""timestamp"": ""2025-05-12T11:59:13.961948+00:00Z""}",0,True,1747051334.0578175,0.00014162063598632812
PLC/Island 1/SortingLine/SortingLine01/measurements/input/sortingLineSensRedLightBarrier,"{""value"": false, ""timestamp"": ""2025-05-12T11:59:13.962016+00:00Z""}",0,True,1747051334.0579646,0.00014710426330566406
PLC/Island 1/SortingLine/SortingLine01/measurements/input/sortingLineSensImpulseCounterRaw,"{""value"": false, ""timestamp"": ""2025-05-12T11:59:13.962085+00:00Z""}",0,True,1747051334.0581138,0.00014925003051757812
PLC/Island 1/SortingLine/SortingLine01/measurements/internal/isExecuting,"{""value"": false, ""timestamp"": ""2025-05-12T11:59:13.962534+00:00Z""}",0,True,1747051334.058253,0.0001392364501953125
PLC/Island 1/SortingLine/SortingLine01/measurements/output/sortingLineActMotorConveyor,"{""value"": false, ""timestamp"": ""2025-05-12T11:59:13.963014+00:00Z""}",0,True,1747051334.0583959,0.00014281272888183594
PLC/Island 1/SortingLine/SortingLine01/measurements/output/sortingLineActCompressorOn,"{""value"": false, ""timestamp"": ""2025-05-12T11:59:13.963299+00:00Z""}",0,True,1747051334.0585449,0.00014901161193847656
PLC/Island 1/SortingLine/SortingLine01/measurements/output/sortingLineActWhiteEjector,"{""value"": false, ""timestamp"": ""2025-05-12T11:59:13.963420+00:00Z""}",0,True,1747051334.0586843,0.00013947486877441406
PLC/Island 1/SortingLine/SortingLine01/measurements/output/sortingLineActRedEjector,"{""value"": false, ""timestamp"": ""2025-05-12T11:59:13.963495+00:00Z""}",0,True,1747051334.0588152,0.0001308917999267578
PLC/Island 1/SortingLine/SortingLine01/measurements/output/sortingLineActBlueEjector,"{""value"": false, ""timestamp"": ""2025-05-12T11:59:13.963564+00:00Z""}",0,True,1747051334.0589437,0.0001285076141357422
PLC/Island 1/SortingLine/SortingLine01/events/emitted/machine_feedback,"{""value"": ""{\""jsonType\"": \""MACHINE_FEEDBACK\"", \""status\"": \""INITIALIZED_IDLE\"", \""info\"": \""\""}"", ""timestamp"": ""2025-05-12T11:59:13.974574+00:00Z""}",0,True,1747051334.0590777,0.00013399124145507812
PLC/Island 1/SortingLine/SortingLine01/events/emitted/command_feedback,"{""value"": ""{\""jsonType\"": \""COMMAND_FEEDBACK\"", \""commandId\"": 4, \""status\"": \""DONE\"", \""info\"": \""routine finished\\nLast subCycleStepResult:  CycleStepResultEnum.DONE\""}"", ""timestamp"": ""2025-05-12T11:58:26.620513+00:00Z""}",0,True,1747051334.059217,0.0001392364501953125
PLC/Island 1/SortingLine/SortingLine01/events/received/command,"{""value"": ""\""COMMAND SORTING 4 EJECT [<Color.RED: 1>]\"""", ""timestamp"": ""2025-05-12T11:58:20.760717+00:00Z""}",0,True,1747051334.059308,9.107589721679688e-05
PLC/Island 1/SortingLine/SortingLine01/measurements/input/sortingLineSensInputLightBarrier,"{""value"": true, ""timestamp"": ""2025-05-12T12:00:03.850545+00:00Z""}",0,False,1747051348.1395943,14.076611757278442
PLC/Island 1/SortingLine/SortingLine01/measurements/input/sortingLineSensMiddleLightBarrier,"{""value"": true, ""timestamp"": ""2025-05-12T12:00:03.851050+00:00Z""}",0,False,1747051348.1398585,0.00026416778564453125
PLC/Island 1/SortingLine/SortingLine01/measurements/input/sortingLineSensWhiteLightBarrier,"{""value"": true, ""timestamp"": ""2025-05-12T12:00:03.851371+00:00Z""}",0,False,1747051348.1406233,0.0007648468017578125
PLC/Island 1/SortingLine/SortingLine01/measurements/input/sortingLineSensBlueLightBarrier,"{""value"": true, ""timestamp"": ""2025-05-12T12:00:03.851679+00:00Z""}",0,False,1747051348.1409433,0.0003199577331542969
PLC/Island 1/SortingLine/SortingLine01/measurements/input/sortingLineSensRedLightBarrier,"{""value"": true, ""timestamp"": ""2025-05-12T12:00:03.852180+00:00Z""}",0,False,1747051348.1414912,0.0005478858947753906
PLC/Island 1/SortingLine/SortingLine01/measurements/input/sortingLineSensImpulseCounterRaw,"{""value"": false, ""timestamp"": ""2025-05-12T12:00:03.853034+00:00Z""}",0,False,1747051348.1432872,0.0017960071563720703
PLC/Island 1/SortingLine/SortingLine01/measurements/input/sortingLineSensInputLightBarrier,"{""value"": false, ""timestamp"": ""2025-05-12T12:00:06.150488+00:00Z""}",0,False,1747051350.4386513,2.2953641414642334
PLC/Island 1/SortingLine/SortingLine01/measurements/input/sortingLineSensMiddleLightBarrier,"{""value"": true, ""timestamp"": ""2025-05-12T12:00:06.150979+00:00Z""}",0,False,1747051350.4388669,0.0002155303955078125
PLC/Island 1/SortingLine/SortingLine01/measurements/input/sortingLineSensWhiteLightBarrier,"{""value"": true, ""timestamp"": ""2025-05-12T12:00:06.151327+00:00Z""}",0,False,1747051350.4404132,0.0015463829040527344
PLC/Island 1/SortingLine/SortingLine01/measurements/input/sortingLineSensBlueLightBarrier,"{""value"": true, ""timestamp"": ""2025-05-12T12:00:06.151849+00:00Z""}",0,False,1747051350.441024,0.0006108283996582031
PLC/Island 1/SortingLine/SortingLine01/measurements/input/sortingLineSensRedLightBarrier,"{""value"": true, ""timestamp"": ""2025-05-12T12:00:06.152487+00:00Z""}",0,False,1747051350.44138,0.0003559589385986328
PLC/Island 1/SortingLine/SortingLine01/measurements/input/sortingLineSensImpulseCounterRaw,"{""value"": false, ""timestamp"": ""2025-05-12T12:00:06.153057+00:00Z""}",0,False,1747051350.441504,0.0001239776611328125
PLC/Island 1/SortingLine/SortingLine01/events/received/command,"{""value"": ""\""COMMAND SORTING 4 EJECT [<Color.RED: 1>]\"""", ""timestamp"": ""2025-05-12T12:00:26.846162+00:00Z""}",0,False,1747051371.1344368,0.0007598400115966797
PLC/Island 1/SortingLine/SortingLine01/events/emitted/command_feedback,"{""value"": ""{\""jsonType\"": \""COMMAND_FEEDBACK\"", \""commandId\"": 4, \""status\"": \""MUST_CONTINUE\"", \""info\"": \""running subroutine 1/4: SubRoutine(<function Runner.then_run.<locals>.sub_routine_runnable at 0xb4df86a8>)\\nLast subCycleStepResult:  CycleStepResultEnum.MUST_CONTINUE\""}"", ""timestamp"": ""2025-05-12T12:00:26.853739+00:00Z""}",0,False,1747051371.1436565,0.009219646453857422
PLC/Island 1/SortingLine/SortingLine01/measurements/internal/isExecuting,"{""value"": true, ""timestamp"": ""2025-05-12T12:00:26.856337+00:00Z""}",0,False,1747051371.1448545,0.0011980533599853516
PLC/Island 1/SortingLine/SortingLine01/measurements/output/sortingLineActMotorConveyor,"{""value"": true, ""timestamp"": ""2025-05-12T12:00:26.857940+00:00Z""}",0,False,1747051371.146043,0.001188516616821289
PLC/Island 1/SortingLine/SortingLine01/measurements/output/sortingLineActCompressorOn,"{""value"": false, ""timestamp"": ""2025-05-12T12:00:26.858343+00:00Z""}",0,False,1747051371.1472836,0.0012404918670654297
PLC/Island 1/SortingLine/SortingLine01/measurements/output/sortingLineActWhiteEjector,"{""value"": false, ""timestamp"": ""2025-05-12T12:00:26.859295+00:00Z""}",0,False,1747051371.147645,0.00036144256591796875
PLC/Island 1/SortingLine/SortingLine01/measurements/output/sortingLineActRedEjector,"{""value"": false, ""timestamp"": ""2025-05-12T12:00:26.860110+00:00Z""}",0,False,1747051371.1480935,0.00044846534729003906
PLC/Island 1/SortingLine/SortingLine01/measurements/output/sortingLineActBlueEjector,"{""value"": false, ""timestamp"": ""2025-05-12T12:00:26.860476+00:00Z""}",0,False,1747051371.1484542,0.00036072731018066406
PLC/Island 1/SortingLine/SortingLine01/events/emitted/machine_feedback,"{""value"": ""{\""jsonType\"": \""MACHINE_FEEDBACK\"", \""status\"": \""INITIALIZED_ACTIVE\"", \""info\"": \""\""}"", ""timestamp"": ""2025-05-12T12:00:26.899908+00:00Z""}",0,False,1747051371.1920223,0.04356813430786133
PLC/Island 1/SortingLine/SortingLine01/events/emitted/command_feedback,"{""value"": ""{\""jsonType\"": \""COMMAND_FEEDBACK\"", \""commandId\"": 4, \""status\"": \""MUST_CONTINUE\"", \""info\"": \""running subroutine 1/4: SubRoutine(<function Runner.then_run.<locals>.sub_routine_runnable at 0xb4df86a8>)\\nLast subCycleStepResult:  CycleStepResultEnum.MUST_CONTINUE\""}"", ""timestamp"": ""2025-05-12T12:00:26.903702+00:00Z""}",0,False,1747051371.1925163,0.0004940032958984375
PLC/Island 1/SortingLine/SortingLine01/measurements/input/sortingLineSensInputLightBarrier,"{""value"": true, ""timestamp"": ""2025-05-12T12:00:26.944672+00:00Z""}",0,False,1747051371.2331707,0.04065442085266113
PLC/Island 1/SortingLine/SortingLine01/measurements/input/sortingLineSensMiddleLightBarrier,"{""value"": true, ""timestamp"": ""2025-05-12T12:00:26.945197+00:00Z""}",0,False,1747051371.2349012,0.0017304420471191406
PLC/Island 1/SortingLine/SortingLine01/measurements/input/sortingLineSensWhiteLightBarrier,"{""value"": true, ""timestamp"": ""2025-05-12T12:00:26.945548+00:00Z""}",0,False,1747051371.2350357,0.00013446807861328125
PLC/Island 1/SortingLine/SortingLine01/measurements/input/sortingLineSensBlueLightBarrier,"{""value"": true, ""timestamp"": ""2025-05-12T12:00:26.946111+00:00Z""}",0,False,1747051371.2356756,0.0006399154663085938
PLC/Island 1/SortingLine/SortingLine01/measurements/input/sortingLineSensRedLightBarrier,"{""value"": true, ""timestamp"": ""2025-05-12T12:00:26.947091+00:00Z""}",0,False,1747051371.2360482,0.0003726482391357422
PLC/Island 1/SortingLine/SortingLine01/measurements/input/sortingLineSensImpulseCounterRaw,"{""value"": false, ""timestamp"": ""2025-05-12T12:00:26.947989+00:00Z""}",0,False,1747051371.236952,0.0009038448333740234
PLC/Island 1/SortingLine/SortingLine01/measurements/input/sortingLineSensInputLightBarrier,"{""value"": true, ""timestamp"": ""2025-05-12T12:00:27.025693+00:00Z""}",0,False,1747051371.3148277,0.07787561416625977
PLC/Island 1/SortingLine/SortingLine01/measurements/input/sortingLineSensMiddleLightBarrier,"{""value"": true, ""timestamp"": ""2025-05-12T12:00:27.026214+00:00Z""}",0,False,1747051371.315341,0.0005133152008056641
PLC/Island 1/SortingLine/SortingLine01/measurements/input/sortingLineSensWhiteLightBarrier,"{""value"": true, ""timestamp"": ""2025-05-12T12:00:27.026545+00:00Z""}",0,False,1747051371.3157713,0.0004303455352783203
PLC/Island 1/SortingLine/SortingLine01/measurements/input/sortingLineSensBlueLightBarrier,"{""value"": true, ""timestamp"": ""2025-05-12T12:00:27.026844+00:00Z""}",0,False,1747051371.3169694,0.0011980533599853516
PLC/Island 1/SortingLine/SortingLine01/measurements/input/sortingLineSensRedLightBarrier,"{""value"": true, ""timestamp"": ""2025-05-12T12:00:27.028425+00:00Z""}",0,False,1747051371.3174396,0.00047016143798828125
PLC/Island 1/SortingLine/SortingLine01/measurements/input/sortingLineSensImpulseCounterRaw,"{""value"": true, ""timestamp"": ""2025-05-12T12:00:27.028824+00:00Z""}",0,False,1747051371.317929,0.0004894733428955078
PLC/Island 1/SortingLine/SortingLine01/measurements/input/sortingLineSensInputLightBarrier,"{""value"": true, ""timestamp"": ""2025-05-12T12:00:27.106398+00:00Z""}",0,False,1747051371.3948903,0.07696127891540527
PLC/Island 1/SortingLine/SortingLine01/measurements/input/sortingLineSensMiddleLightBarrier,"{""value"": true, ""timestamp"": ""2025-05-12T12:00:27.106900+00:00Z""}",0,False,1747051371.395439,0.0005486011505126953
PLC/Island 1/SortingLine/SortingLine01/measurements/input/sortingLineSensWhiteLightBarrier,"{""value"": true, ""timestamp"": ""2025-05-12T12:00:27.108087+00:00Z""}",0,False,1747051371.397252,0.0018131732940673828
PLC/Island 1/SortingLine/SortingLine01/measurements/input/sortingLineSensBlueLightBarrier,"{""value"": true, ""timestamp"": ""2025-05-12T12:00:27.109111+00:00Z""}",0,False,1747051371.3979547,0.0007026195526123047
PLC/Island 1/SortingLine/SortingLine01/measurements/input/sortingLineSensRedLightBarrier,"{""value"": true, ""timestamp"": ""2025-05-12T12:00:27.109507+00:00Z""}",0,False,1747051371.3984199,0.00046515464782714844
PLC/Island 1/SortingLine/SortingLine01/measurements/input/sortingLineSensImpulseCounterRaw,"{""value"": false, ""timestamp"": ""2025-05-12T12:00:27.110165+00:00Z""}",0,False,1747051371.3988545,0.00043463706970214844
PLC/Island 1/SortingLine/SortingLine01/measurements/input/sortingLineSensInputLightBarrier,"{""value"": true, ""timestamp"": ""2025-05-12T12:00:27.227681+00:00Z""}",0,False,1747051371.517029,0.11817455291748047
PLC/Island 1/SortingLine/SortingLine01/measurements/input/sortingLineSensMiddleLightBarrier,"{""value"": true, ""timestamp"": ""2025-05-12T12:00:27.228238+00:00Z""}",0,False,1747051371.5176497,0.0006206035614013672
PLC/Island 1/SortingLine/SortingLine01/measurements/input/sortingLineSensWhiteLightBarrier,"{""value"": true, ""timestamp"": ""2025-05-12T12:00:27.228855+00:00Z""}",0,False,1747051371.5179806,0.00033092498779296875
PLC/Island 1/SortingLine/SortingLine01/measurements/input/sortingLineSensBlueLightBarrier,"{""value"": true, ""timestamp"": ""2025-05-12T12:00:27.229276+00:00Z""}",0,False,1747051371.5184894,0.0005087852478027344
PLC/Island 1/SortingLine/SortingLine01/measurements/input/sortingLineSensRedLightBarrier,"{""value"": true, ""timestamp"": ""2025-05-12T12:00:27.230338+00:00Z""}",0,False,1747051371.5189004,0.00041103363037109375
PLC/Island 1/SortingLine/SortingLine01/measurements/input/sortingLineSensImpulseCounterRaw,"{""value"": true, ""timestamp"": ""2025-05-12T12:00:27.230722+00:00Z""}",0,False,1747051371.5194714,0.0005710124969482422
PLC/Island 1/SortingLine/SortingLine01/measurements/input/sortingLineSensInputLightBarrier,"{""value"": true, ""timestamp"": ""2025-05-12T12:00:27.268015+00:00Z""}",0,False,1747051371.5568774,0.037405967712402344
PLC/Island 1/SortingLine/SortingLine01/measurements/input/sortingLineSensMiddleLightBarrier,"{""value"": true, ""timestamp"": ""2025-05-12T12:00:27.268590+00:00Z""}",0,False,1747051371.5572972,0.00041985511779785156
PLC/Island 1/SortingLine/SortingLine01/measurements/input/sortingLineSensWhiteLightBarrier,"{""value"": true, ""timestamp"": ""2025-05-12T12:00:27.269017+00:00Z""}",0,False,1747051371.558189,0.0008916854858398438
PLC/Island 1/SortingLine/SortingLine01/measurements/input/sortingLineSensBlueLightBarrier,"{""value"": true, ""timestamp"": ""2025-05-12T12:00:27.269788+00:00Z""}",0,False,1747051371.5585227,0.0003337860107421875
PLC/Island 1/SortingLine/SortingLine01/measurements/input/sortingLineSensRedLightBarrier,"{""value"": true, ""timestamp"": ""2025-05-12T12:00:27.270301+00:00Z""}",0,False,1747051371.558744,0.00022125244140625
PLC/Island 1/SortingLine/SortingLine01/measurements/input/sortingLineSensImpulseCounterRaw,"{""value"": false, ""timestamp"": ""2025-05-12T12:00:27.271204+00:00Z""}",0,False,1747051371.5598297,0.0010857582092285156
PLC/Island 1/SortingLine/SortingLine01/measurements/input/sortingLineSensInputLightBarrier,"{""value"": true, ""timestamp"": ""2025-05-12T12:00:27.388376+00:00Z""}",0,False,1747051371.6772556,0.11742591857910156
PLC/Island 1/SortingLine/SortingLine01/measurements/input/sortingLineSensMiddleLightBarrier,"{""value"": true, ""timestamp"": ""2025-05-12T12:00:27.388759+00:00Z""}",0,False,1747051371.6776755,0.00041985511779785156
PLC/Island 1/SortingLine/SortingLine01/measurements/input/sortingLineSensWhiteLightBarrier,"{""value"": true, ""timestamp"": ""2025-05-12T12:00:27.389032+00:00Z""}",0,False,1747051371.67812,0.0004444122314453125
PLC/Island 1/SortingLine/SortingLine01/measurements/input/sortingLineSensBlueLightBarrier,"{""value"": true, ""timestamp"": ""2025-05-12T12:00:27.389292+00:00Z""}",0,False,1747051371.6787007,0.0005807876586914062
PLC/Island 1/SortingLine/SortingLine01/measurements/input/sortingLineSensRedLightBarrier,"{""value"": true, ""timestamp"": ""2025-05-12T12:00:27.389511+00:00Z""}",0,False,1747051371.6792474,0.0005466938018798828
PLC/Island 1/SortingLine/SortingLine01/measurements/input/sortingLineSensImpulseCounterRaw,"{""value"": true, ""timestamp"": ""2025-05-12T12:00:27.389673+00:00Z""}",0,False,1747051371.6796463,0.00039887428283691406
PLC/Island 1/SortingLine/SortingLine01/measurements/input/sortingLineSensInputLightBarrier,"{""value"": true, ""timestamp"": ""2025-05-12T12:00:27.470556+00:00Z""}",0,False,1747051371.7594295,0.07978320121765137
PLC/Island 1/SortingLine/SortingLine01/measurements/input/sortingLineSensMiddleLightBarrier,"{""value"": true, ""timestamp"": ""2025-05-12T12:00:27.470966+00:00Z""}",0,False,1747051371.759936,0.0005066394805908203
PLC/Island 1/SortingLine/SortingLine01/measurements/input/sortingLineSensWhiteLightBarrier,"{""value"": true, ""timestamp"": ""2025-05-12T12:00:27.471161+00:00Z""}",0,False,1747051371.760405,0.00046896934509277344
PLC/Island 1/SortingLine/SortingLine01/measurements/input/sortingLineSensBlueLightBarrier,"{""value"": true, ""timestamp"": ""2025-05-12T12:00:27.471352+00:00Z""}",0,False,1747051371.7608979,0.0004928112030029297
PLC/Island 1/SortingLine/SortingLine01/measurements/input/sortingLineSensRedLightBarrier,"{""value"": true, ""timestamp"": ""2025-05-12T12:00:27.471497+00:00Z""}",0,False,1747051371.7613986,0.0005006790161132812
PLC/Island 1/SortingLine/SortingLine01/measurements/input/sortingLineSensImpulseCounterRaw,"{""value"": false, ""timestamp"": ""2025-05-12T12:00:27.471716+00:00Z""}",0,False,1747051371.7618635,0.0004649162292480469
PLC/Island 1/SortingLine/SortingLine01/measurements/input/sortingLineSensInputLightBarrier,"{""value"": true, ""timestamp"": ""2025-05-12T12:00:27.590273+00:00Z""}",0,False,1747051371.8791888,0.1173253059387207
PLC/Island 1/SortingLine/SortingLine01/measurements/input/sortingLineSensMiddleLightBarrier,"{""value"": true, ""timestamp"": ""2025-05-12T12:00:27.590822+00:00Z""}",0,False,1747051371.879664,0.00047516822814941406
PLC/Island 1/SortingLine/SortingLine01/measurements/input/sortingLineSensWhiteLightBarrier,"{""value"": true, ""timestamp"": ""2025-05-12T12:00:27.591374+00:00Z""}",0,False,1747051371.8799734,0.0003094673156738281
PLC/Island 1/SortingLine/SortingLine01/measurements/input/sortingLineSensBlueLightBarrier,"{""value"": true, ""timestamp"": ""2025-05-12T12:00:27.591741+00:00Z""}",0,False,1747051371.8814325,0.0014591217041015625
PLC/Island 1/SortingLine/SortingLine01/measurements/input/sortingLineSensRedLightBarrier,"{""value"": true, ""timestamp"": ""2025-05-12T12:00:27.592711+00:00Z""}",0,False,1747051371.8816717,0.0002391338348388672
PLC/Island 1/SortingLine/SortingLine01/measurements/input/sortingLineSensImpulseCounterRaw,"{""value"": true, ""timestamp"": ""2025-05-12T12:00:27.593082+00:00Z""}",0,False,1747051371.8818207,0.00014901161193847656
PLC/Island 1/SortingLine/SortingLine01/measurements/input/sortingLineSensInputLightBarrier,"{""value"": true, ""timestamp"": ""2025-05-12T12:00:27.670810+00:00Z""}",0,False,1747051371.9596858,0.0778651237487793
PLC/Island 1/SortingLine/SortingLine01/measurements/input/sortingLineSensMiddleLightBarrier,"{""value"": true, ""timestamp"": ""2025-05-12T12:00:27.671393+00:00Z""}",0,False,1747051371.959925,0.0002391338348388672
PLC/Island 1/SortingLine/SortingLine01/measurements/input/sortingLineSensWhiteLightBarrier,"{""value"": true, ""timestamp"": ""2025-05-12T12:00:27.671899+00:00Z""}",0,False,1747051371.9603324,0.0004074573516845703
PLC/Island 1/SortingLine/SortingLine01/measurements/input/sortingLineSensBlueLightBarrier,"{""value"": true, ""timestamp"": ""2025-05-12T12:00:27.672331+00:00Z""}",0,False,1747051371.961415,0.0010826587677001953
PLC/Island 1/SortingLine/SortingLine01/measurements/input/sortingLineSensRedLightBarrier,"{""value"": true, ""timestamp"": ""2025-05-12T12:00:27.673284+00:00Z""}",0,False,1747051371.9616206,0.00020551681518554688
PLC/Island 1/SortingLine/SortingLine01/measurements/input/sortingLineSensImpulseCounterRaw,"{""value"": false, ""timestamp"": ""2025-05-12T12:00:27.673650+00:00Z""}",0,False,1747051371.9619174,0.0002968311309814453
PLC/Island 1/SortingLine/SortingLine01/measurements/input/sortingLineSensInputLightBarrier,"{""value"": true, ""timestamp"": ""2025-05-12T12:00:27.791060+00:00Z""}",0,False,1747051372.0801105,0.11819314956665039
PLC/Island 1/SortingLine/SortingLine01/measurements/input/sortingLineSensMiddleLightBarrier,"{""value"": true, ""timestamp"": ""2025-05-12T12:00:27.791817+00:00Z""}",0,False,1747051372.0803666,0.0002560615539550781
PLC/Island 1/SortingLine/SortingLine01/measurements/input/sortingLineSensWhiteLightBarrier,"{""value"": true, ""timestamp"": ""2025-05-12T12:00:27.792304+00:00Z""}",0,False,1747051372.080524,0.00015735626220703125
PLC/Island 1/SortingLine/SortingLine01/measurements/input/sortingLineSensBlueLightBarrier,"{""value"": true, ""timestamp"": ""2025-05-12T12:00:27.792672+00:00Z""}",0,False,1747051372.081616,0.0010919570922851562
PLC/Island 1/SortingLine/SortingLine01/measurements/input/sortingLineSensRedLightBarrier,"{""value"": true, ""timestamp"": ""2025-05-12T12:00:27.793527+00:00Z""}",0,False,1747051372.0818448,0.0002288818359375
PLC/Island 1/SortingLine/SortingLine01/measurements/input/sortingLineSensImpulseCounterRaw,"{""value"": true, ""timestamp"": ""2025-05-12T12:00:27.793859+00:00Z""}",0,False,1747051372.0823724,0.0005276203155517578
PLC/Island 1/SortingLine/SortingLine01/measurements/input/sortingLineSensInputLightBarrier,"{""value"": true, ""timestamp"": ""2025-05-12T12:00:27.831179+00:00Z""}",0,False,1747051372.1202497,0.03787732124328613
PLC/Island 1/SortingLine/SortingLine01/measurements/input/sortingLineSensMiddleLightBarrier,"{""value"": true, ""timestamp"": ""2025-05-12T12:00:27.831709+00:00Z""}",0,False,1747051372.1204555,0.00020575523376464844
PLC/Island 1/SortingLine/SortingLine01/measurements/input/sortingLineSensWhiteLightBarrier,"{""value"": true, ""timestamp"": ""2025-05-12T12:00:27.832073+00:00Z""}",0,False,1747051372.120581,0.00012540817260742188
PLC/Island 1/SortingLine/SortingLine01/measurements/input/sortingLineSensBlueLightBarrier,"{""value"": true, ""timestamp"": ""2025-05-12T12:00:27.832797+00:00Z""}",0,False,1747051372.1206985,0.00011754035949707031
PLC/Island 1/SortingLine/SortingLine01/measurements/input/sortingLineSensRedLightBarrier,"{""value"": true, ""timestamp"": ""2025-05-12T12:00:27.833290+00:00Z""}",0,False,1747051372.1222076,0.0015091896057128906
PLC/Island 1/SortingLine/SortingLine01/measurements/input/sortingLineSensImpulseCounterRaw,"{""value"": false, ""timestamp"": ""2025-05-12T12:00:27.834233+00:00Z""}",0,False,1747051372.1227617,0.0005540847778320312
PLC/Island 1/SortingLine/SortingLine01/measurements/input/sortingLineSensInputLightBarrier,"{""value"": true, ""timestamp"": ""2025-05-12T12:00:27.951332+00:00Z""}",0,False,1747051372.2393634,0.11660170555114746
PLC/Island 1/SortingLine/SortingLine01/measurements/input/sortingLineSensMiddleLightBarrier,"{""value"": true, ""timestamp"": ""2025-05-12T12:00:27.951834+00:00Z""}",0,False,1747051372.2395716,0.00020813941955566406
PLC/Island 1/SortingLine/SortingLine01/measurements/input/sortingLineSensWhiteLightBarrier,"{""value"": true, ""timestamp"": ""2025-05-12T12:00:27.952163+00:00Z""}",0,False,1747051372.2409194,0.0013477802276611328
PLC/Island 1/SortingLine/SortingLine01/measurements/input/sortingLineSensBlueLightBarrier,"{""value"": true, ""timestamp"": ""2025-05-12T12:00:27.952498+00:00Z""}",0,False,1747051372.2415056,0.0005862712860107422
PLC/Island 1/SortingLine/SortingLine01/measurements/input/sortingLineSensRedLightBarrier,"{""value"": true, ""timestamp"": ""2025-05-12T12:00:27.953553+00:00Z""}",0,False,1747051372.2416916,0.00018596649169921875
PLC/Island 1/SortingLine/SortingLine01/measurements/input/sortingLineSensImpulseCounterRaw,"{""value"": true, ""timestamp"": ""2025-05-12T12:00:27.953912+00:00Z""}",0,False,1747051372.242179,0.00048732757568359375
PLC/Island 1/SortingLine/SortingLine01/measurements/input/sortingLineSensInputLightBarrier,"{""value"": true, ""timestamp"": ""2025-05-12T12:00:28.031924+00:00Z""}",0,False,1747051372.3201237,0.07794475555419922
PLC/Island 1/SortingLine/SortingLine01/measurements/input/sortingLineSensMiddleLightBarrier,"{""value"": true, ""timestamp"": ""2025-05-12T12:00:28.032436+00:00Z""}",0,False,1747051372.3203487,0.000225067138671875
PLC/Island 1/SortingLine/SortingLine01/measurements/input/sortingLineSensWhiteLightBarrier,"{""value"": true, ""timestamp"": ""2025-05-12T12:00:28.032876+00:00Z""}",0,False,1747051372.3210807,0.0007319450378417969
PLC/Island 1/SortingLine/SortingLine01/measurements/input/sortingLineSensBlueLightBarrier,"{""value"": true, ""timestamp"": ""2025-05-12T12:00:28.033186+00:00Z""}",0,False,1747051372.322327,0.0012462139129638672
PLC/Island 1/SortingLine/SortingLine01/measurements/input/sortingLineSensRedLightBarrier,"{""value"": true, ""timestamp"": ""2025-05-12T12:00:28.033917+00:00Z""}",0,False,1747051372.3225267,0.00019979476928710938
PLC/Island 1/SortingLine/SortingLine01/measurements/input/sortingLineSensImpulseCounterRaw,"{""value"": false, ""timestamp"": ""2025-05-12T12:00:28.034830+00:00Z""}",0,False,1747051372.323046,0.0005192756652832031
PLC/Island 1/SortingLine/SortingLine01/measurements/input/sortingLineSensInputLightBarrier,"{""value"": true, ""timestamp"": ""2025-05-12T12:00:28.151941+00:00Z""}",0,False,1747051372.4413207,0.11827468872070312
PLC/Island 1/SortingLine/SortingLine01/measurements/input/sortingLineSensMiddleLightBarrier,"{""value"": true, ""timestamp"": ""2025-05-12T12:00:28.152294+00:00Z""}",0,False,1747051372.4418783,0.0005576610565185547
PLC/Island 1/SortingLine/SortingLine01/measurements/input/sortingLineSensWhiteLightBarrier,"{""value"": true, ""timestamp"": ""2025-05-12T12:00:28.152464+00:00Z""}",0,False,1747051372.4422882,0.00040984153747558594
PLC/Island 1/SortingLine/SortingLine01/measurements/input/sortingLineSensBlueLightBarrier,"{""value"": true, ""timestamp"": ""2025-05-12T12:00:28.152594+00:00Z""}",0,False,1747051372.4427855,0.0004973411560058594
PLC/Island 1/SortingLine/SortingLine01/measurements/input/sortingLineSensRedLightBarrier,"{""value"": true, ""timestamp"": ""2025-05-12T12:00:28.152735+00:00Z""}",0,False,1747051372.4429796,0.00019407272338867188
PLC/Island 1/SortingLine/SortingLine01/measurements/input/sortingLineSensImpulseCounterRaw,"{""value"": true, ""timestamp"": ""2025-05-12T12:00:28.152891+00:00Z""}",0,False,1747051372.4431372,0.0001575946807861328
PLC/Island 1/SortingLine/SortingLine01/measurements/input/sortingLineSensInputLightBarrier,"{""value"": true, ""timestamp"": ""2025-05-12T12:00:28.232204+00:00Z""}",0,False,1747051372.5202157,0.07707858085632324
PLC/Island 1/SortingLine/SortingLine01/measurements/input/sortingLineSensMiddleLightBarrier,"{""value"": true, ""timestamp"": ""2025-05-12T12:00:28.232729+00:00Z""}",0,False,1747051372.5206292,0.0004134178161621094
PLC/Island 1/SortingLine/SortingLine01/measurements/input/sortingLineSensWhiteLightBarrier,"{""value"": true, ""timestamp"": ""2025-05-12T12:00:28.233063+00:00Z""}",0,False,1747051372.5220106,0.0013813972473144531
PLC/Island 1/SortingLine/SortingLine01/measurements/input/sortingLineSensBlueLightBarrier,"{""value"": true, ""timestamp"": ""2025-05-12T12:00:28.233523+00:00Z""}",0,False,1747051372.5222948,0.0002841949462890625
PLC/Island 1/SortingLine/SortingLine01/measurements/input/sortingLineSensRedLightBarrier,"{""value"": true, ""timestamp"": ""2025-05-12T12:00:28.234132+00:00Z""}",0,False,1747051372.522521,0.0002262592315673828
PLC/Island 1/SortingLine/SortingLine01/measurements/input/sortingLineSensImpulseCounterRaw,"{""value"": false, ""timestamp"": ""2025-05-12T12:00:28.234829+00:00Z""}",0,False,1747051372.5230432,0.0005221366882324219
PLC/Island 1/SortingLine/SortingLine01/measurements/input/sortingLineSensInputLightBarrier,"{""value"": true, ""timestamp"": ""2025-05-12T12:00:28.352647+00:00Z""}",0,False,1747051372.6409295,0.11788630485534668
PLC/Island 1/SortingLine/SortingLine01/measurements/input/sortingLineSensMiddleLightBarrier,"{""value"": true, ""timestamp"": ""2025-05-12T12:00:28.353183+00:00Z""}",0,False,1747051372.6413414,0.0004119873046875
PLC/Island 1/SortingLine/SortingLine01/measurements/input/sortingLineSensWhiteLightBarrier,"{""value"": true, ""timestamp"": ""2025-05-12T12:00:28.353524+00:00Z""}",0,False,1747051372.6416912,0.0003497600555419922
PLC/Island 1/SortingLine/SortingLine01/measurements/input/sortingLineSensBlueLightBarrier,"{""value"": true, ""timestamp"": ""2025-05-12T12:00:28.353942+00:00Z""}",0,False,1747051372.6423478,0.0006566047668457031
PLC/Island 1/SortingLine/SortingLine01/measurements/input/sortingLineSensRedLightBarrier,"{""value"": true, ""timestamp"": ""2025-05-12T12:00:28.354941+00:00Z""}",0,False,1747051372.6448061,0.002458333969116211
PLC/Island 1/SortingLine/SortingLine01/measurements/input/sortingLineSensImpulseCounterRaw,"{""value"": true, ""timestamp"": ""2025-05-12T12:00:28.355549+00:00Z""}",0,False,1747051372.646312,0.0015058517456054688
PLC/Island 1/SortingLine/SortingLine01/measurements/input/sortingLineSensInputLightBarrier,"{""value"": true, ""timestamp"": ""2025-05-12T12:00:28.433028+00:00Z""}",0,False,1747051372.7215397,0.07522773742675781
PLC/Island 1/SortingLine/SortingLine01/measurements/input/sortingLineSensMiddleLightBarrier,"{""value"": true, ""timestamp"": ""2025-05-12T12:00:28.433353+00:00Z""}",0,False,1747051372.721869,0.0003292560577392578
PLC/Island 1/SortingLine/SortingLine01/measurements/input/sortingLineSensWhiteLightBarrier,"{""value"": true, ""timestamp"": ""2025-05-12T12:00:28.433553+00:00Z""}",0,False,1747051372.7221682,0.00029921531677246094
PLC/Island 1/SortingLine/SortingLine01/measurements/input/sortingLineSensBlueLightBarrier,"{""value"": true, ""timestamp"": ""2025-05-12T12:00:28.433744+00:00Z""}",0,False,1747051372.7226138,0.0004456043243408203
PLC/Island 1/SortingLine/SortingLine01/measurements/input/sortingLineSensRedLightBarrier,"{""value"": true, ""timestamp"": ""2025-05-12T12:00:28.433918+00:00Z""}",0,False,1747051372.7229273,0.0003135204315185547
PLC/Island 1/SortingLine/SortingLine01/measurements/input/sortingLineSensImpulseCounterRaw,"{""value"": false, ""timestamp"": ""2025-05-12T12:00:28.434108+00:00Z""}",0,False,1747051372.7232077,0.0002803802490234375
PLC/Island 1/SortingLine/SortingLine01/measurements/input/sortingLineSensInputLightBarrier,"{""value"": true, ""timestamp"": ""2025-05-12T12:00:28.553208+00:00Z""}",0,False,1747051372.8414547,0.11824703216552734
PLC/Island 1/SortingLine/SortingLine01/measurements/input/sortingLineSensMiddleLightBarrier,"{""value"": true, ""timestamp"": ""2025-05-12T12:00:28.553527+00:00Z""}",0,False,1747051372.8417895,0.00033473968505859375
PLC/Island 1/SortingLine/SortingLine01/measurements/input/sortingLineSensWhiteLightBarrier,"{""value"": true, ""timestamp"": ""2025-05-12T12:00:28.553717+00:00Z""}",0,False,1747051372.842149,0.00035953521728515625
PLC/Island 1/SortingLine/SortingLine01/measurements/input/sortingLineSensBlueLightBarrier,"{""value"": true, ""timestamp"": ""2025-05-12T12:00:28.553905+00:00Z""}",0,False,1747051372.8423426,0.00019359588623046875
PLC/Island 1/SortingLine/SortingLine01/measurements/input/sortingLineSensRedLightBarrier,"{""value"": true, ""timestamp"": ""2025-05-12T12:00:28.554078+00:00Z""}",0,False,1747051372.842661,0.00031828880310058594
PLC/Island 1/SortingLine/SortingLine01/measurements/input/sortingLineSensImpulseCounterRaw,"{""value"": true, ""timestamp"": ""2025-05-12T12:00:28.554337+00:00Z""}",0,False,1747051372.842844,0.00018310546875
PLC/Island 1/SortingLine/SortingLine01/measurements/input/sortingLineSensInputLightBarrier,"{""value"": true, ""timestamp"": ""2025-05-12T12:00:28.595983+00:00Z""}",0,False,1747051372.88439,0.04154610633850098
PLC/Island 1/SortingLine/SortingLine01/measurements/input/sortingLineSensMiddleLightBarrier,"{""value"": true, ""timestamp"": ""2025-05-12T12:00:28.596297+00:00Z""}",0,False,1747051372.884721,0.00033092498779296875
PLC/Island 1/SortingLine/SortingLine01/measurements/input/sortingLineSensWhiteLightBarrier,"{""value"": true, ""timestamp"": ""2025-05-12T12:00:28.596487+00:00Z""}",0,False,1747051372.8850877,0.0003666877746582031
PLC/Island 1/SortingLine/SortingLine01/measurements/input/sortingLineSensBlueLightBarrier,"{""value"": true, ""timestamp"": ""2025-05-12T12:00:28.596675+00:00Z""}",0,False,1747051372.8852124,0.0001246929168701172
PLC/Island 1/SortingLine/SortingLine01/measurements/input/sortingLineSensRedLightBarrier,"{""value"": true, ""timestamp"": ""2025-05-12T12:00:28.596842+00:00Z""}",0,False,1747051372.8853164,0.00010395050048828125
PLC/Island 1/SortingLine/SortingLine01/measurements/input/sortingLineSensImpulseCounterRaw,"{""value"": false, ""timestamp"": ""2025-05-12T12:00:28.597097+00:00Z""}",0,False,1747051372.8854258,0.00010943412780761719
PLC/Island 1/SortingLine/SortingLine01/measurements/input/sortingLineSensInputLightBarrier,"{""value"": true, ""timestamp"": ""2025-05-12T12:00:28.764464+00:00Z""}",0,False,1747051373.052673,0.16724729537963867
PLC/Island 1/SortingLine/SortingLine01/measurements/input/sortingLineSensMiddleLightBarrier,"{""value"": true, ""timestamp"": ""2025-05-12T12:00:28.764983+00:00Z""}",0,False,1747051373.0529647,0.00029158592224121094
PLC/Island 1/SortingLine/SortingLine01/measurements/input/sortingLineSensWhiteLightBarrier,"{""value"": true, ""timestamp"": ""2025-05-12T12:00:28.765405+00:00Z""}",0,False,1747051373.0553894,0.0024247169494628906
PLC/Island 1/SortingLine/SortingLine01/measurements/input/sortingLineSensBlueLightBarrier,"{""value"": true, ""timestamp"": ""2025-05-12T12:00:28.765786+00:00Z""}",0,False,1747051373.0556793,0.0002899169921875
PLC/Island 1/SortingLine/SortingLine01/measurements/input/sortingLineSensRedLightBarrier,"{""value"": true, ""timestamp"": ""2025-05-12T12:00:28.766733+00:00Z""}",0,False,1747051373.0561068,0.00042748451232910156
PLC/Island 1/SortingLine/SortingLine01/measurements/input/sortingLineSensImpulseCounterRaw,"{""value"": true, ""timestamp"": ""2025-05-12T12:00:28.767050+00:00Z""}",0,False,1747051373.0564058,0.0002989768981933594
PLC/Island 1/SortingLine/SortingLine01/measurements/input/sortingLineSensInputLightBarrier,"{""value"": true, ""timestamp"": ""2025-05-12T12:00:28.842564+00:00Z""}",0,False,1747051373.132167,0.07576131820678711
PLC/Island 1/SortingLine/SortingLine01/measurements/input/sortingLineSensMiddleLightBarrier,"{""value"": true, ""timestamp"": ""2025-05-12T12:00:28.842904+00:00Z""}",0,False,1747051373.1326737,0.0005066394805908203
PLC/Island 1/SortingLine/SortingLine01/measurements/input/sortingLineSensWhiteLightBarrier,"{""value"": true, ""timestamp"": ""2025-05-12T12:00:28.843116+00:00Z""}",0,False,1747051373.132856,0.00018215179443359375
PLC/Island 1/SortingLine/SortingLine01/measurements/input/sortingLineSensBlueLightBarrier,"{""value"": true, ""timestamp"": ""2025-05-12T12:00:28.843273+00:00Z""}",0,False,1747051373.1334438,0.0005879402160644531
PLC/Island 1/SortingLine/SortingLine01/measurements/input/sortingLineSensRedLightBarrier,"{""value"": true, ""timestamp"": ""2025-05-12T12:00:28.843401+00:00Z""}",0,False,1747051373.1336968,0.0002529621124267578
PLC/Island 1/SortingLine/SortingLine01/measurements/input/sortingLineSensImpulseCounterRaw,"{""value"": false, ""timestamp"": ""2025-05-12T12:00:28.843527+00:00Z""}",0,False,1747051373.1340892,0.0003924369812011719
PLC/Island 1/SortingLine/SortingLine01/measurements/input/sortingLineSensInputLightBarrier,"{""value"": true, ""timestamp"": ""2025-05-12T12:00:28.962164+00:00Z""}",0,False,1747051373.250575,0.1164858341217041
PLC/Island 1/SortingLine/SortingLine01/measurements/input/sortingLineSensMiddleLightBarrier,"{""value"": true, ""timestamp"": ""2025-05-12T12:00:28.962477+00:00Z""}",0,False,1747051373.2508242,0.0002491474151611328
PLC/Island 1/SortingLine/SortingLine01/measurements/input/sortingLineSensWhiteLightBarrier,"{""value"": true, ""timestamp"": ""2025-05-12T12:00:28.962671+00:00Z""}",0,False,1747051373.2513523,0.0005280971527099609
PLC/Island 1/SortingLine/SortingLine01/measurements/input/sortingLineSensBlueLightBarrier,"{""value"": true, ""timestamp"": ""2025-05-12T12:00:28.962859+00:00Z""}",0,False,1747051373.2517123,0.0003600120544433594
PLC/Island 1/SortingLine/SortingLine01/measurements/input/sortingLineSensRedLightBarrier,"{""value"": true, ""timestamp"": ""2025-05-12T12:00:28.963036+00:00Z""}",0,False,1747051373.2520115,0.00029921531677246094
PLC/Island 1/SortingLine/SortingLine01/measurements/input/sortingLineSensImpulseCounterRaw,"{""value"": true, ""timestamp"": ""2025-05-12T12:00:28.963298+00:00Z""}",0,False,1747051373.2526886,0.0006771087646484375
PLC/Island 1/SortingLine/SortingLine01/measurements/input/sortingLineSensInputLightBarrier,"{""value"": true, ""timestamp"": ""2025-05-12T12:00:29.002467+00:00Z""}",0,False,1747051373.291984,0.03929543495178223
PLC/Island 1/SortingLine/SortingLine01/measurements/input/sortingLineSensMiddleLightBarrier,"{""value"": true, ""timestamp"": ""2025-05-12T12:00:29.002778+00:00Z""}",0,False,1747051373.2924654,0.0004813671112060547
PLC/Island 1/SortingLine/SortingLine01/measurements/input/sortingLineSensWhiteLightBarrier,"{""value"": true, ""timestamp"": ""2025-05-12T12:00:29.002973+00:00Z""}",0,False,1747051373.2928092,0.0003437995910644531
PLC/Island 1/SortingLine/SortingLine01/measurements/input/sortingLineSensBlueLightBarrier,"{""value"": true, ""timestamp"": ""2025-05-12T12:00:29.003159+00:00Z""}",0,False,1747051373.2930865,0.0002772808074951172
PLC/Island 1/SortingLine/SortingLine01/measurements/input/sortingLineSensRedLightBarrier,"{""value"": true, ""timestamp"": ""2025-05-12T12:00:29.003418+00:00Z""}",0,False,1747051373.2933376,0.0002510547637939453
PLC/Island 1/SortingLine/SortingLine01/measurements/input/sortingLineSensImpulseCounterRaw,"{""value"": false, ""timestamp"": ""2025-05-12T12:00:29.003771+00:00Z""}",0,False,1747051373.2935069,0.00016927719116210938
PLC/Island 1/SortingLine/SortingLine01/measurements/input/sortingLineSensInputLightBarrier,"{""value"": true, ""timestamp"": ""2025-05-12T12:00:29.163905+00:00Z""}",0,False,1747051373.4528482,0.15934133529663086
PLC/Island 1/SortingLine/SortingLine01/measurements/input/sortingLineSensMiddleLightBarrier,"{""value"": true, ""timestamp"": ""2025-05-12T12:00:29.164202+00:00Z""}",0,False,1747051373.4531548,0.0003066062927246094
PLC/Island 1/SortingLine/SortingLine01/measurements/input/sortingLineSensWhiteLightBarrier,"{""value"": true, ""timestamp"": ""2025-05-12T12:00:29.164642+00:00Z""}",0,False,1747051373.4534914,0.00033664703369140625
PLC/Island 1/SortingLine/SortingLine01/measurements/input/sortingLineSensBlueLightBarrier,"{""value"": true, ""timestamp"": ""2025-05-12T12:00:29.164957+00:00Z""}",0,False,1747051373.4538462,0.000354766845703125
PLC/Island 1/SortingLine/SortingLine01/measurements/input/sortingLineSensRedLightBarrier,"{""value"": true, ""timestamp"": ""2025-05-12T12:00:29.165134+00:00Z""}",0,False,1747051373.4541721,0.00032591819763183594
PLC/Island 1/SortingLine/SortingLine01/measurements/input/sortingLineSensImpulseCounterRaw,"{""value"": true, ""timestamp"": ""2025-05-12T12:00:29.165391+00:00Z""}",0,False,1747051373.454588,0.000415802001953125
PLC/Island 1/SortingLine/SortingLine01/measurements/input/sortingLineSensInputLightBarrier,"{""value"": true, ""timestamp"": ""2025-05-12T12:00:29.204225+00:00Z""}",0,False,1747051373.4930987,0.038510799407958984
PLC/Island 1/SortingLine/SortingLine01/measurements/input/sortingLineSensMiddleLightBarrier,"{""value"": true, ""timestamp"": ""2025-05-12T12:00:29.204526+00:00Z""}",0,False,1747051373.4932272,0.0001285076141357422
PLC/Island 1/SortingLine/SortingLine01/measurements/input/sortingLineSensWhiteLightBarrier,"{""value"": true, ""timestamp"": ""2025-05-12T12:00:29.205085+00:00Z""}",0,False,1747051373.493398,0.00017070770263671875
PLC/Island 1/SortingLine/SortingLine01/measurements/input/sortingLineSensBlueLightBarrier,"{""value"": true, ""timestamp"": ""2025-05-12T12:00:29.205327+00:00Z""}",0,False,1747051373.4939275,0.0005295276641845703
PLC/Island 1/SortingLine/SortingLine01/measurements/input/sortingLineSensRedLightBarrier,"{""value"": true, ""timestamp"": ""2025-05-12T12:00:29.205509+00:00Z""}",0,False,1747051373.4942863,0.00035881996154785156
PLC/Island 1/SortingLine/SortingLine01/measurements/input/sortingLineSensImpulseCounterRaw,"{""value"": false, ""timestamp"": ""2025-05-12T12:00:29.205692+00:00Z""}",0,False,1747051373.4946656,0.00037932395935058594
PLC/Island 1/SortingLine/SortingLine01/measurements/input/sortingLineSensInputLightBarrier,"{""value"": true, ""timestamp"": ""2025-05-12T12:00:29.324273+00:00Z""}",0,False,1747051373.6124275,0.11776185035705566
PLC/Island 1/SortingLine/SortingLine01/measurements/input/sortingLineSensMiddleLightBarrier,"{""value"": true, ""timestamp"": ""2025-05-12T12:00:29.324783+00:00Z""}",0,False,1747051373.6126943,0.00026679039001464844
PLC/Island 1/SortingLine/SortingLine01/measurements/input/sortingLineSensWhiteLightBarrier,"{""value"": true, ""timestamp"": ""2025-05-12T12:00:29.325109+00:00Z""}",0,False,1747051373.6144862,0.0017919540405273438
PLC/Island 1/SortingLine/SortingLine01/measurements/input/sortingLineSensBlueLightBarrier,"{""value"": true, ""timestamp"": ""2025-05-12T12:00:29.325537+00:00Z""}",0,False,1747051373.6155832,0.001096963882446289
PLC/Island 1/SortingLine/SortingLine01/measurements/input/sortingLineSensRedLightBarrier,"{""value"": true, ""timestamp"": ""2025-05-12T12:00:29.326579+00:00Z""}",0,False,1747051373.6157875,0.00020432472229003906
PLC/Island 1/SortingLine/SortingLine01/measurements/input/sortingLineSensImpulseCounterRaw,"{""value"": true, ""timestamp"": ""2025-05-12T12:00:29.326936+00:00Z""}",0,False,1747051373.6163037,0.0005161762237548828
PLC/Island 1/SortingLine/SortingLine01/measurements/input/sortingLineSensInputLightBarrier,"{""value"": true, ""timestamp"": ""2025-05-12T12:00:29.404823+00:00Z""}",0,False,1747051373.6932852,0.0769815444946289
PLC/Island 1/SortingLine/SortingLine01/measurements/input/sortingLineSensMiddleLightBarrier,"{""value"": true, ""timestamp"": ""2025-05-12T12:00:29.405336+00:00Z""}",0,False,1747051373.693507,0.00022172927856445312
PLC/Island 1/SortingLine/SortingLine01/measurements/input/sortingLineSensWhiteLightBarrier,"{""value"": true, ""timestamp"": ""2025-05-12T12:00:29.405667+00:00Z""}",0,False,1747051373.6949892,0.001482248306274414
PLC/Island 1/SortingLine/SortingLine01/measurements/input/sortingLineSensBlueLightBarrier,"{""value"": true, ""timestamp"": ""2025-05-12T12:00:29.406035+00:00Z""}",0,False,1747051373.6957521,0.000762939453125
PLC/Island 1/SortingLine/SortingLine01/measurements/input/sortingLineSensRedLightBarrier,"{""value"": true, ""timestamp"": ""2025-05-12T12:00:29.406927+00:00Z""}",0,False,1747051373.6959553,0.00020313262939453125
PLC/Island 1/SortingLine/SortingLine01/measurements/input/sortingLineSensImpulseCounterRaw,"{""value"": false, ""timestamp"": ""2025-05-12T12:00:29.407990+00:00Z""}",0,False,1747051373.696625,0.0006697177886962891
PLC/Island 1/SortingLine/SortingLine01/measurements/input/sortingLineSensInputLightBarrier,"{""value"": true, ""timestamp"": ""2025-05-12T12:00:29.526262+00:00Z""}",0,False,1747051373.8158603,0.11923527717590332
PLC/Island 1/SortingLine/SortingLine01/measurements/input/sortingLineSensMiddleLightBarrier,"{""value"": true, ""timestamp"": ""2025-05-12T12:00:29.526796+00:00Z""}",0,False,1747051373.816101,0.00024080276489257812
PLC/Island 1/SortingLine/SortingLine01/measurements/input/sortingLineSensWhiteLightBarrier,"{""value"": true, ""timestamp"": ""2025-05-12T12:00:29.527226+00:00Z""}",0,False,1747051373.8174167,0.0013155937194824219
PLC/Island 1/SortingLine/SortingLine01/measurements/input/sortingLineSensBlueLightBarrier,"{""value"": true, ""timestamp"": ""2025-05-12T12:00:29.528078+00:00Z""}",0,False,1747051373.8180194,0.00060272216796875
PLC/Island 1/SortingLine/SortingLine01/measurements/input/sortingLineSensRedLightBarrier,"{""value"": true, ""timestamp"": ""2025-05-12T12:00:29.529761+00:00Z""}",0,False,1747051373.8182375,0.0002181529998779297
PLC/Island 1/SortingLine/SortingLine01/measurements/input/sortingLineSensImpulseCounterRaw,"{""value"": true, ""timestamp"": ""2025-05-12T12:00:29.530258+00:00Z""}",0,False,1747051373.8190222,0.0007846355438232422
PLC/Island 1/SortingLine/SortingLine01/measurements/input/sortingLineSensInputLightBarrier,"{""value"": true, ""timestamp"": ""2025-05-12T12:00:29.606828+00:00Z""}",0,False,1747051373.8999517,0.08092951774597168
PLC/Island 1/SortingLine/SortingLine01/measurements/input/sortingLineSensMiddleLightBarrier,"{""value"": true, ""timestamp"": ""2025-05-12T12:00:29.610513+00:00Z""}",0,False,1747051373.9001832,0.0002315044403076172
PLC/Island 1/SortingLine/SortingLine01/measurements/input/sortingLineSensWhiteLightBarrier,"{""value"": true, ""timestamp"": ""2025-05-12T12:00:29.611013+00:00Z""}",0,False,1747051373.9006927,0.0005095005035400391
PLC/Island 1/SortingLine/SortingLine01/measurements/input/sortingLineSensBlueLightBarrier,"{""value"": true, ""timestamp"": ""2025-05-12T12:00:29.611187+00:00Z""}",0,False,1747051373.9008942,0.0002014636993408203
PLC/Island 1/SortingLine/SortingLine01/measurements/input/sortingLineSensRedLightBarrier,"{""value"": true, ""timestamp"": ""2025-05-12T12:00:29.611322+00:00Z""}",0,False,1747051373.9010346,0.0001404285430908203
PLC/Island 1/SortingLine/SortingLine01/measurements/input/sortingLineSensImpulseCounterRaw,"{""value"": false, ""timestamp"": ""2025-05-12T12:00:29.611455+00:00Z""}",0,False,1747051373.9013174,0.0002827644348144531
PLC/Island 1/SortingLine/SortingLine01/measurements/input/sortingLineSensInputLightBarrier,"{""value"": true, ""timestamp"": ""2025-05-12T12:00:29.728212+00:00Z""}",0,False,1747051374.0178483,0.1165308952331543
PLC/Island 1/SortingLine/SortingLine01/measurements/input/sortingLineSensMiddleLightBarrier,"{""value"": true, ""timestamp"": ""2025-05-12T12:00:29.728751+00:00Z""}",0,False,1747051374.0181222,0.0002739429473876953
PLC/Island 1/SortingLine/SortingLine01/measurements/input/sortingLineSensWhiteLightBarrier,"{""value"": true, ""timestamp"": ""2025-05-12T12:00:29.729187+00:00Z""}",0,False,1747051374.0192873,0.001165151596069336
PLC/Island 1/SortingLine/SortingLine01/measurements/input/sortingLineSensBlueLightBarrier,"{""value"": true, ""timestamp"": ""2025-05-12T12:00:29.729600+00:00Z""}",0,False,1747051374.0195887,0.000301361083984375
PLC/Island 1/SortingLine/SortingLine01/measurements/input/sortingLineSensRedLightBarrier,"{""value"": true, ""timestamp"": ""2025-05-12T12:00:29.731019+00:00Z""}",0,False,1747051374.0201738,0.0005850791931152344
PLC/Island 1/SortingLine/SortingLine01/measurements/input/sortingLineSensImpulseCounterRaw,"{""value"": true, ""timestamp"": ""2025-05-12T12:00:29.731342+00:00Z""}",0,False,1747051374.0204594,0.0002856254577636719
PLC/Island 1/SortingLine/SortingLine01/measurements/input/sortingLineSensInputLightBarrier,"{""value"": true, ""timestamp"": ""2025-05-12T12:00:29.808737+00:00Z""}",0,False,1747051374.0982544,0.07779502868652344
PLC/Island 1/SortingLine/SortingLine01/measurements/input/sortingLineSensMiddleLightBarrier,"{""value"": true, ""timestamp"": ""2025-05-12T12:00:29.809271+00:00Z""}",0,False,1747051374.0985467,0.0002923011779785156
PLC/Island 1/SortingLine/SortingLine01/measurements/input/sortingLineSensWhiteLightBarrier,"{""value"": true, ""timestamp"": ""2025-05-12T12:00:29.809703+00:00Z""}",0,False,1747051374.1002355,0.0016887187957763672
PLC/Island 1/SortingLine/SortingLine01/measurements/input/sortingLineSensBlueLightBarrier,"{""value"": true, ""timestamp"": ""2025-05-12T12:00:29.810158+00:00Z""}",0,False,1747051374.100703,0.00046753883361816406
PLC/Island 1/SortingLine/SortingLine01/measurements/input/sortingLineSensRedLightBarrier,"{""value"": true, ""timestamp"": ""2025-05-12T12:00:29.811534+00:00Z""}",0,False,1747051374.1010365,0.00033354759216308594
PLC/Island 1/SortingLine/SortingLine01/measurements/input/sortingLineSensImpulseCounterRaw,"{""value"": false, ""timestamp"": ""2025-05-12T12:00:29.811876+00:00Z""}",0,False,1747051374.1012645,0.00022792816162109375
PLC/Island 1/SortingLine/SortingLine01/measurements/input/sortingLineSensInputLightBarrier,"{""value"": true, ""timestamp"": ""2025-05-12T12:00:29.930391+00:00Z""}",0,False,1747051374.2194316,0.11816716194152832
PLC/Island 1/SortingLine/SortingLine01/measurements/input/sortingLineSensMiddleLightBarrier,"{""value"": true, ""timestamp"": ""2025-05-12T12:00:29.931008+00:00Z""}",0,False,1747051374.2206125,0.001180887222290039
PLC/Island 1/SortingLine/SortingLine01/measurements/input/sortingLineSensWhiteLightBarrier,"{""value"": true, ""timestamp"": ""2025-05-12T12:00:29.932030+00:00Z""}",0,False,1747051374.2211714,0.0005588531494140625
PLC/Island 1/SortingLine/SortingLine01/measurements/input/sortingLineSensBlueLightBarrier,"{""value"": true, ""timestamp"": ""2025-05-12T12:00:29.932784+00:00Z""}",0,False,1747051374.2213948,0.00022339820861816406
PLC/Island 1/SortingLine/SortingLine01/measurements/input/sortingLineSensRedLightBarrier,"{""value"": true, ""timestamp"": ""2025-05-12T12:00:29.933766+00:00Z""}",0,False,1747051374.2228203,0.0014255046844482422
PLC/Island 1/SortingLine/SortingLine01/measurements/input/sortingLineSensImpulseCounterRaw,"{""value"": true, ""timestamp"": ""2025-05-12T12:00:29.934511+00:00Z""}",0,False,1747051374.223435,0.0006146430969238281
PLC/Island 1/SortingLine/SortingLine01/measurements/input/sortingLineSensInputLightBarrier,"{""value"": true, ""timestamp"": ""2025-05-12T12:00:29.970867+00:00Z""}",0,False,1747051374.2592297,0.035794734954833984
PLC/Island 1/SortingLine/SortingLine01/measurements/input/sortingLineSensMiddleLightBarrier,"{""value"": true, ""timestamp"": ""2025-05-12T12:00:29.971449+00:00Z""}",0,False,1747051374.2601302,0.0009005069732666016
PLC/Island 1/SortingLine/SortingLine01/measurements/input/sortingLineSensWhiteLightBarrier,"{""value"": true, ""timestamp"": ""2025-05-12T12:00:29.971816+00:00Z""}",0,False,1747051374.2604756,0.00034546852111816406
PLC/Island 1/SortingLine/SortingLine01/measurements/input/sortingLineSensBlueLightBarrier,"{""value"": true, ""timestamp"": ""2025-05-12T12:00:29.972188+00:00Z""}",0,False,1747051374.3045316,0.044055938720703125
PLC/Island 1/SortingLine/SortingLine01/measurements/input/sortingLineSensRedLightBarrier,"{""value"": true, ""timestamp"": ""2025-05-12T12:00:29.973546+00:00Z""}",0,False,1747051374.3049753,0.0004436969757080078
PLC/Island 1/SortingLine/SortingLine01/measurements/input/sortingLineSensImpulseCounterRaw,"{""value"": false, ""timestamp"": ""2025-05-12T12:00:29.973738+00:00Z""}",0,False,1747051374.3051853,0.00021004676818847656
PLC/Island 1/SortingLine/SortingLine01/measurements/input/sortingLineSensInputLightBarrier,"{""value"": true, ""timestamp"": ""2025-05-12T12:00:30.091080+00:00Z""}",0,False,1747051374.3794765,0.07429122924804688
PLC/Island 1/SortingLine/SortingLine01/measurements/input/sortingLineSensMiddleLightBarrier,"{""value"": true, ""timestamp"": ""2025-05-12T12:00:30.091412+00:00Z""}",0,False,1747051374.3800247,0.0005481243133544922
PLC/Island 1/SortingLine/SortingLine01/measurements/input/sortingLineSensWhiteLightBarrier,"{""value"": true, ""timestamp"": ""2025-05-12T12:00:30.091622+00:00Z""}",0,False,1747051374.3807333,0.0007085800170898438
PLC/Island 1/SortingLine/SortingLine01/measurements/input/sortingLineSensBlueLightBarrier,"{""value"": true, ""timestamp"": ""2025-05-12T12:00:30.091809+00:00Z""}",0,False,1747051374.381565,0.0008318424224853516
PLC/Island 1/SortingLine/SortingLine01/measurements/input/sortingLineSensRedLightBarrier,"{""value"": true, ""timestamp"": ""2025-05-12T12:00:30.091953+00:00Z""}",0,False,1747051374.3817868,0.00022172927856445312
PLC/Island 1/SortingLine/SortingLine01/measurements/input/sortingLineSensImpulseCounterRaw,"{""value"": true, ""timestamp"": ""2025-05-12T12:00:30.092134+00:00Z""}",0,False,1747051374.382311,0.0005242824554443359
PLC/Island 1/SortingLine/SortingLine01/measurements/input/sortingLineSensInputLightBarrier,"{""value"": true, ""timestamp"": ""2025-05-12T12:00:30.131305+00:00Z""}",0,False,1747051374.420265,0.037953853607177734
PLC/Island 1/SortingLine/SortingLine01/measurements/input/sortingLineSensMiddleLightBarrier,"{""value"": false, ""timestamp"": ""2025-05-12T12:00:30.131607+00:00Z""}",0,False,1747051374.4204495,0.00018453598022460938
PLC/Island 1/SortingLine/SortingLine01/measurements/input/sortingLineSensWhiteLightBarrier,"{""value"": true, ""timestamp"": ""2025-05-12T12:00:30.131797+00:00Z""}",0,False,1747051374.4215631,0.0011136531829833984
PLC/Island 1/SortingLine/SortingLine01/measurements/input/sortingLineSensBlueLightBarrier,"{""value"": true, ""timestamp"": ""2025-05-12T12:00:30.131981+00:00Z""}",0,False,1747051374.4219701,0.0004069805145263672
PLC/Island 1/SortingLine/SortingLine01/measurements/input/sortingLineSensRedLightBarrier,"{""value"": true, ""timestamp"": ""2025-05-12T12:00:30.132129+00:00Z""}",0,False,1747051374.4221401,0.00016999244689941406
PLC/Island 1/SortingLine/SortingLine01/measurements/input/sortingLineSensImpulseCounterRaw,"{""value"": true, ""timestamp"": ""2025-05-12T12:00:30.132375+00:00Z""}",0,False,1747051374.4222283,8.821487426757812e-05
PLC/Island 1/SortingLine/SortingLine01/measurements/input/sortingLineSensInputLightBarrier,"{""value"": true, ""timestamp"": ""2025-05-12T12:00:30.171881+00:00Z""}",0,False,1747051374.461092,0.0388636589050293
PLC/Island 1/SortingLine/SortingLine01/measurements/input/sortingLineSensMiddleLightBarrier,"{""value"": false, ""timestamp"": ""2025-05-12T12:00:30.172180+00:00Z""}",0,False,1747051374.4620306,0.0009386539459228516
PLC/Island 1/SortingLine/SortingLine01/measurements/input/sortingLineSensWhiteLightBarrier,"{""value"": true, ""timestamp"": ""2025-05-12T12:00:30.172384+00:00Z""}",0,False,1747051374.462336,0.00030541419982910156
PLC/Island 1/SortingLine/SortingLine01/measurements/input/sortingLineSensBlueLightBarrier,"{""value"": true, ""timestamp"": ""2025-05-12T12:00:30.172542+00:00Z""}",0,False,1747051374.462433,9.703636169433594e-05
PLC/Island 1/SortingLine/SortingLine01/measurements/input/sortingLineSensRedLightBarrier,"{""value"": true, ""timestamp"": ""2025-05-12T12:00:30.172714+00:00Z""}",0,False,1747051374.4626224,0.00018930435180664062
PLC/Island 1/SortingLine/SortingLine01/measurements/input/sortingLineSensImpulseCounterRaw,"{""value"": false, ""timestamp"": ""2025-05-12T12:00:30.172912+00:00Z""}",0,False,1747051374.4628296,0.0002071857452392578
PLC/Island 1/SortingLine/SortingLine01/measurements/input/sortingLineSensInputLightBarrier,"{""value"": true, ""timestamp"": ""2025-05-12T12:00:30.293653+00:00Z""}",0,False,1747051374.5833955,0.12056589126586914
PLC/Island 1/SortingLine/SortingLine01/measurements/input/sortingLineSensMiddleLightBarrier,"{""value"": false, ""timestamp"": ""2025-05-12T12:00:30.294102+00:00Z""}",0,False,1747051374.583617,0.00022149085998535156
PLC/Island 1/SortingLine/SortingLine01/measurements/input/sortingLineSensWhiteLightBarrier,"{""value"": true, ""timestamp"": ""2025-05-12T12:00:30.294397+00:00Z""}",0,False,1747051374.5842125,0.0005955696105957031
PLC/Island 1/SortingLine/SortingLine01/measurements/input/sortingLineSensBlueLightBarrier,"{""value"": true, ""timestamp"": ""2025-05-12T12:00:30.294577+00:00Z""}",0,False,1747051374.584546,0.00033354759216308594
PLC/Island 1/SortingLine/SortingLine01/measurements/input/sortingLineSensRedLightBarrier,"{""value"": true, ""timestamp"": ""2025-05-12T12:00:30.294729+00:00Z""}",0,False,1747051374.5847688,0.00022268295288085938
PLC/Island 1/SortingLine/SortingLine01/measurements/input/sortingLineSensImpulseCounterRaw,"{""value"": true, ""timestamp"": ""2025-05-12T12:00:30.294912+00:00Z""}",0,False,1747051374.584949,0.00018024444580078125
PLC/Island 1/SortingLine/SortingLine01/measurements/input/sortingLineSensInputLightBarrier,"{""value"": true, ""timestamp"": ""2025-05-12T12:00:30.333740+00:00Z""}",0,False,1747051374.6239824,0.03903341293334961
PLC/Island 1/SortingLine/SortingLine01/measurements/input/sortingLineSensMiddleLightBarrier,"{""value"": false, ""timestamp"": ""2025-05-12T12:00:30.334277+00:00Z""}",0,False,1747051374.6241434,0.0001609325408935547
PLC/Island 1/SortingLine/SortingLine01/measurements/input/sortingLineSensWhiteLightBarrier,"{""value"": true, ""timestamp"": ""2025-05-12T12:00:30.334529+00:00Z""}",0,False,1747051374.624223,7.963180541992188e-05
PLC/Island 1/SortingLine/SortingLine01/measurements/input/sortingLineSensBlueLightBarrier,"{""value"": true, ""timestamp"": ""2025-05-12T12:00:30.334734+00:00Z""}",0,False,1747051374.6242962,7.319450378417969e-05
PLC/Island 1/SortingLine/SortingLine01/measurements/input/sortingLineSensRedLightBarrier,"{""value"": true, ""timestamp"": ""2025-05-12T12:00:30.335114+00:00Z""}",0,False,1747051374.6245813,0.00028514862060546875
PLC/Island 1/SortingLine/SortingLine01/measurements/input/sortingLineSensImpulseCounterRaw,"{""value"": false, ""timestamp"": ""2025-05-12T12:00:30.335591+00:00Z""}",0,False,1747051374.6247861,0.0002048015594482422
PLC/Island 1/SortingLine/SortingLine01/measurements/input/sortingLineSensInputLightBarrier,"{""value"": true, ""timestamp"": ""2025-05-12T12:00:30.495458+00:00Z""}",0,False,1747051374.7861507,0.16136455535888672
PLC/Island 1/SortingLine/SortingLine01/measurements/input/sortingLineSensMiddleLightBarrier,"{""value"": true, ""timestamp"": ""2025-05-12T12:00:30.495977+00:00Z""}",0,False,1747051374.7876275,0.0014767646789550781
PLC/Island 1/SortingLine/SortingLine01/measurements/input/sortingLineSensWhiteLightBarrier,"{""value"": true, ""timestamp"": ""2025-05-12T12:00:30.496238+00:00Z""}",0,False,1747051374.7878447,0.00021719932556152344
PLC/Island 1/SortingLine/SortingLine01/measurements/input/sortingLineSensBlueLightBarrier,"{""value"": true, ""timestamp"": ""2025-05-12T12:00:30.496537+00:00Z""}",0,False,1747051374.7887733,0.0009286403656005859
PLC/Island 1/SortingLine/SortingLine01/measurements/input/sortingLineSensRedLightBarrier,"{""value"": true, ""timestamp"": ""2025-05-12T12:00:30.496697+00:00Z""}",0,False,1747051374.7890713,0.0002980232238769531
PLC/Island 1/SortingLine/SortingLine01/measurements/input/sortingLineSensImpulseCounterRaw,"{""value"": true, ""timestamp"": ""2025-05-12T12:00:30.496905+00:00Z""}",0,False,1747051374.78921,0.00013875961303710938
PLC/Island 1/SortingLine/SortingLine01/measurements/input/sortingLineSensInputLightBarrier,"{""value"": true, ""timestamp"": ""2025-05-12T12:00:30.536022+00:00Z""}",0,False,1747051374.825625,0.03641486167907715
PLC/Island 1/SortingLine/SortingLine01/measurements/input/sortingLineSensMiddleLightBarrier,"{""value"": true, ""timestamp"": ""2025-05-12T12:00:30.536519+00:00Z""}",0,False,1747051374.8259153,0.0002903938293457031
PLC/Island 1/SortingLine/SortingLine01/measurements/input/sortingLineSensWhiteLightBarrier,"{""value"": true, ""timestamp"": ""2025-05-12T12:00:30.536823+00:00Z""}",0,False,1747051374.8259733,5.793571472167969e-05
PLC/Island 1/SortingLine/SortingLine01/measurements/input/sortingLineSensBlueLightBarrier,"{""value"": true, ""timestamp"": ""2025-05-12T12:00:30.537444+00:00Z""}",0,False,1747051374.8262162,0.0002429485321044922
PLC/Island 1/SortingLine/SortingLine01/measurements/input/sortingLineSensRedLightBarrier,"{""value"": true, ""timestamp"": ""2025-05-12T12:00:30.538076+00:00Z""}",0,False,1747051374.827136,0.0009198188781738281
PLC/Island 1/SortingLine/SortingLine01/measurements/input/sortingLineSensImpulseCounterRaw,"{""value"": false, ""timestamp"": ""2025-05-12T12:00:30.538471+00:00Z""}",0,False,1747051374.8273995,0.00026345252990722656
PLC/Island 1/SortingLine/SortingLine01/measurements/input/sortingLineSensInputLightBarrier,"{""value"": true, ""timestamp"": ""2025-05-12T12:00:30.657328+00:00Z""}",0,False,1747051374.9468513,0.11945176124572754
PLC/Island 1/SortingLine/SortingLine01/measurements/input/sortingLineSensMiddleLightBarrier,"{""value"": true, ""timestamp"": ""2025-05-12T12:00:30.657859+00:00Z""}",0,False,1747051374.9471755,0.000324249267578125
PLC/Island 1/SortingLine/SortingLine01/measurements/input/sortingLineSensWhiteLightBarrier,"{""value"": true, ""timestamp"": ""2025-05-12T12:00:30.658099+00:00Z""}",0,False,1747051374.9475346,0.0003590583801269531
PLC/Island 1/SortingLine/SortingLine01/measurements/input/sortingLineSensBlueLightBarrier,"{""value"": true, ""timestamp"": ""2025-05-12T12:00:30.658356+00:00Z""}",0,False,1747051374.9478805,0.0003459453582763672
PLC/Island 1/SortingLine/SortingLine01/measurements/input/sortingLineSensRedLightBarrier,"{""value"": true, ""timestamp"": ""2025-05-12T12:00:30.658577+00:00Z""}",0,False,1747051374.9480295,0.00014901161193847656
PLC/Island 1/SortingLine/SortingLine01/measurements/input/sortingLineSensImpulseCounterRaw,"{""value"": true, ""timestamp"": ""2025-05-12T12:00:30.658789+00:00Z""}",0,False,1747051374.9482207,0.00019121170043945312
PLC/Island 1/SortingLine/SortingLine01/measurements/input/sortingLineSensInputLightBarrier,"{""value"": true, ""timestamp"": ""2025-05-12T12:00:30.738338+00:00Z""}",0,False,1747051375.0280664,0.07984566688537598
PLC/Island 1/SortingLine/SortingLine01/measurements/input/sortingLineSensMiddleLightBarrier,"{""value"": true, ""timestamp"": ""2025-05-12T12:00:30.738821+00:00Z""}",0,False,1747051375.0282347,0.00016832351684570312
PLC/Island 1/SortingLine/SortingLine01/measurements/input/sortingLineSensWhiteLightBarrier,"{""value"": true, ""timestamp"": ""2025-05-12T12:00:30.739360+00:00Z""}",0,False,1747051375.028369,0.0001342296600341797
PLC/Island 1/SortingLine/SortingLine01/measurements/input/sortingLineSensBlueLightBarrier,"{""value"": true, ""timestamp"": ""2025-05-12T12:00:30.739726+00:00Z""}",0,False,1747051375.0286674,0.00029850006103515625
PLC/Island 1/SortingLine/SortingLine01/measurements/input/sortingLineSensRedLightBarrier,"{""value"": true, ""timestamp"": ""2025-05-12T12:00:30.740232+00:00Z""}",0,False,1747051375.0289028,0.0002353191375732422
PLC/Island 1/SortingLine/SortingLine01/measurements/input/sortingLineSensImpulseCounterRaw,"{""value"": false, ""timestamp"": ""2025-05-12T12:00:30.740814+00:00Z""}",0,False,1747051375.0295017,0.000598907470703125
PLC/Island 1/SortingLine/SortingLine01/measurements/input/sortingLineSensInputLightBarrier,"{""value"": true, ""timestamp"": ""2025-05-12T12:00:30.899051+00:00Z""}",0,False,1747051375.1884713,0.15896964073181152
PLC/Island 1/SortingLine/SortingLine01/measurements/input/sortingLineSensMiddleLightBarrier,"{""value"": true, ""timestamp"": ""2025-05-12T12:00:30.899555+00:00Z""}",0,False,1747051375.1887634,0.00029206275939941406
PLC/Island 1/SortingLine/SortingLine01/measurements/input/sortingLineSensWhiteLightBarrier,"{""value"": true, ""timestamp"": ""2025-05-12T12:00:30.899813+00:00Z""}",0,False,1747051375.1890922,0.0003287792205810547
PLC/Island 1/SortingLine/SortingLine01/measurements/input/sortingLineSensBlueLightBarrier,"{""value"": true, ""timestamp"": ""2025-05-12T12:00:30.899984+00:00Z""}",0,False,1747051375.1894765,0.00038433074951171875
PLC/Island 1/SortingLine/SortingLine01/measurements/input/sortingLineSensRedLightBarrier,"{""value"": true, ""timestamp"": ""2025-05-12T12:00:30.900208+00:00Z""}",0,False,1747051375.1896079,0.00013136863708496094
PLC/Island 1/SortingLine/SortingLine01/measurements/input/sortingLineSensImpulseCounterRaw,"{""value"": true, ""timestamp"": ""2025-05-12T12:00:30.900468+00:00Z""}",0,False,1747051375.1898055,0.0001976490020751953
PLC/Island 1/SortingLine/SortingLine01/measurements/input/sortingLineSensInputLightBarrier,"{""value"": true, ""timestamp"": ""2025-05-12T12:00:30.938918+00:00Z""}",0,False,1747051375.228598,0.03879261016845703
PLC/Island 1/SortingLine/SortingLine01/measurements/input/sortingLineSensMiddleLightBarrier,"{""value"": true, ""timestamp"": ""2025-05-12T12:00:30.939408+00:00Z""}",0,False,1747051375.2295027,0.0009045600891113281
PLC/Island 1/SortingLine/SortingLine01/measurements/input/sortingLineSensWhiteLightBarrier,"{""value"": true, ""timestamp"": ""2025-05-12T12:00:30.939891+00:00Z""}",0,False,1747051375.2299182,0.00041556358337402344
PLC/Island 1/SortingLine/SortingLine01/measurements/input/sortingLineSensBlueLightBarrier,"{""value"": true, ""timestamp"": ""2025-05-12T12:00:30.940148+00:00Z""}",0,False,1747051375.2300947,0.00017642974853515625
PLC/Island 1/SortingLine/SortingLine01/measurements/input/sortingLineSensRedLightBarrier,"{""value"": true, ""timestamp"": ""2025-05-12T12:00:30.940458+00:00Z""}",0,False,1747051375.2302632,0.0001685619354248047
PLC/Island 1/SortingLine/SortingLine01/measurements/input/sortingLineSensImpulseCounterRaw,"{""value"": false, ""timestamp"": ""2025-05-12T12:00:30.940799+00:00Z""}",0,False,1747051375.2303646,0.00010132789611816406
PLC/Island 1/SortingLine/SortingLine01/measurements/input/sortingLineSensInputLightBarrier,"{""value"": true, ""timestamp"": ""2025-05-12T12:00:31.059658+00:00Z""}",0,False,1747051375.3492775,0.11891293525695801
PLC/Island 1/SortingLine/SortingLine01/measurements/input/sortingLineSensMiddleLightBarrier,"{""value"": true, ""timestamp"": ""2025-05-12T12:00:31.060274+00:00Z""}",0,False,1747051375.3494282,0.0001506805419921875
PLC/Island 1/SortingLine/SortingLine01/measurements/input/sortingLineSensWhiteLightBarrier,"{""value"": true, ""timestamp"": ""2025-05-12T12:00:31.060587+00:00Z""}",0,False,1747051375.3495424,0.00011420249938964844
PLC/Island 1/SortingLine/SortingLine01/measurements/input/sortingLineSensBlueLightBarrier,"{""value"": true, ""timestamp"": ""2025-05-12T12:00:31.060845+00:00Z""}",0,False,1747051375.3497715,0.00022912025451660156
PLC/Island 1/SortingLine/SortingLine01/measurements/input/sortingLineSensRedLightBarrier,"{""value"": true, ""timestamp"": ""2025-05-12T12:00:31.061185+00:00Z""}",0,False,1747051375.349886,0.00011444091796875
PLC/Island 1/SortingLine/SortingLine01/measurements/input/sortingLineSensImpulseCounterRaw,"{""value"": true, ""timestamp"": ""2025-05-12T12:00:31.061349+00:00Z""}",0,False,1747051375.3500876,0.00020170211791992188
PLC/Island 1/SortingLine/SortingLine01/measurements/input/sortingLineSensInputLightBarrier,"{""value"": true, ""timestamp"": ""2025-05-12T12:00:31.140225+00:00Z""}",0,False,1747051375.4296405,0.07955288887023926
PLC/Island 1/SortingLine/SortingLine01/measurements/input/sortingLineSensMiddleLightBarrier,"{""value"": true, ""timestamp"": ""2025-05-12T12:00:31.140800+00:00Z""}",0,False,1747051375.4298248,0.0001842975616455078
PLC/Island 1/SortingLine/SortingLine01/measurements/input/sortingLineSensWhiteLightBarrier,"{""value"": true, ""timestamp"": ""2025-05-12T12:00:31.141075+00:00Z""}",0,False,1747051375.4303076,0.00048279762268066406
PLC/Island 1/SortingLine/SortingLine01/measurements/input/sortingLineSensBlueLightBarrier,"{""value"": true, ""timestamp"": ""2025-05-12T12:00:31.141230+00:00Z""}",0,False,1747051375.4307609,0.0004532337188720703
PLC/Island 1/SortingLine/SortingLine01/measurements/input/sortingLineSensRedLightBarrier,"{""value"": true, ""timestamp"": ""2025-05-12T12:00:31.141432+00:00Z""}",0,False,1747051375.4308982,0.0001373291015625
PLC/Island 1/SortingLine/SortingLine01/measurements/input/sortingLineSensImpulseCounterRaw,"{""value"": false, ""timestamp"": ""2025-05-12T12:00:31.141595+00:00Z""}",0,False,1747051375.4312112,0.00031304359436035156
PLC/Island 1/SortingLine/SortingLine01/measurements/input/sortingLineSensInputLightBarrier,"{""value"": true, ""timestamp"": ""2025-05-12T12:00:31.261854+00:00Z""}",0,False,1747051375.5514812,0.1202700138092041
PLC/Island 1/SortingLine/SortingLine01/measurements/input/sortingLineSensMiddleLightBarrier,"{""value"": true, ""timestamp"": ""2025-05-12T12:00:31.262402+00:00Z""}",0,False,1747051375.5516253,0.00014400482177734375
PLC/Island 1/SortingLine/SortingLine01/measurements/input/sortingLineSensWhiteLightBarrier,"{""value"": true, ""timestamp"": ""2025-05-12T12:00:31.262792+00:00Z""}",0,False,1747051375.5518398,0.00021457672119140625
PLC/Island 1/SortingLine/SortingLine01/measurements/input/sortingLineSensBlueLightBarrier,"{""value"": true, ""timestamp"": ""2025-05-12T12:00:31.263042+00:00Z""}",0,False,1747051375.552122,0.00028228759765625
PLC/Island 1/SortingLine/SortingLine01/measurements/input/sortingLineSensRedLightBarrier,"{""value"": true, ""timestamp"": ""2025-05-12T12:00:31.263474+00:00Z""}",0,False,1747051375.5522428,0.00012063980102539062
PLC/Island 1/SortingLine/SortingLine01/measurements/input/sortingLineSensImpulseCounterRaw,"{""value"": true, ""timestamp"": ""2025-05-12T12:00:31.263963+00:00Z""}",0,False,1747051375.5523453,0.00010251998901367188
PLC/Island 1/SortingLine/SortingLine01/measurements/input/sortingLineSensInputLightBarrier,"{""value"": true, ""timestamp"": ""2025-05-12T12:00:31.341724+00:00Z""}",0,False,1747051375.6305132,0.07816791534423828
PLC/Island 1/SortingLine/SortingLine01/measurements/input/sortingLineSensMiddleLightBarrier,"{""value"": true, ""timestamp"": ""2025-05-12T12:00:31.342265+00:00Z""}",0,False,1747051375.6309547,0.00044155120849609375
PLC/Island 1/SortingLine/SortingLine01/measurements/input/sortingLineSensWhiteLightBarrier,"{""value"": true, ""timestamp"": ""2025-05-12T12:00:31.342700+00:00Z""}",0,False,1747051375.6310914,0.0001366138458251953
PLC/Island 1/SortingLine/SortingLine01/measurements/input/sortingLineSensBlueLightBarrier,"{""value"": true, ""timestamp"": ""2025-05-12T12:00:31.343039+00:00Z""}",0,False,1747051375.6314065,0.0003151893615722656
PLC/Island 1/SortingLine/SortingLine01/measurements/input/sortingLineSensRedLightBarrier,"{""value"": true, ""timestamp"": ""2025-05-12T12:00:31.343477+00:00Z""}",0,False,1747051375.631722,0.0003154277801513672
PLC/Island 1/SortingLine/SortingLine01/measurements/input/sortingLineSensImpulseCounterRaw,"{""value"": false, ""timestamp"": ""2025-05-12T12:00:31.343775+00:00Z""}",0,False,1747051375.632331,0.0006089210510253906
PLC/Island 1/SortingLine/SortingLine01/measurements/input/sortingLineSensInputLightBarrier,"{""value"": true, ""timestamp"": ""2025-05-12T12:00:31.462356+00:00Z""}",0,False,1747051375.7512193,0.11888837814331055
PLC/Island 1/SortingLine/SortingLine01/measurements/input/sortingLineSensMiddleLightBarrier,"{""value"": true, ""timestamp"": ""2025-05-12T12:00:31.462899+00:00Z""}",0,False,1747051375.7520835,0.0008642673492431641
PLC/Island 1/SortingLine/SortingLine01/measurements/input/sortingLineSensWhiteLightBarrier,"{""value"": true, ""timestamp"": ""2025-05-12T12:00:31.463463+00:00Z""}",0,False,1747051375.7529082,0.0008246898651123047
PLC/Island 1/SortingLine/SortingLine01/measurements/input/sortingLineSensBlueLightBarrier,"{""value"": true, ""timestamp"": ""2025-05-12T12:00:31.463804+00:00Z""}",0,False,1747051375.7532637,0.0003554821014404297
PLC/Island 1/SortingLine/SortingLine01/measurements/input/sortingLineSensRedLightBarrier,"{""value"": true, ""timestamp"": ""2025-05-12T12:00:31.464415+00:00Z""}",0,False,1747051375.7535973,0.00033354759216308594
PLC/Island 1/SortingLine/SortingLine01/measurements/input/sortingLineSensImpulseCounterRaw,"{""value"": true, ""timestamp"": ""2025-05-12T12:00:31.465262+00:00Z""}",0,False,1747051375.7539327,0.00033545494079589844
PLC/Island 1/SortingLine/SortingLine01/measurements/input/sortingLineSensInputLightBarrier,"{""value"": true, ""timestamp"": ""2025-05-12T12:00:31.543096+00:00Z""}",0,False,1747051375.8325016,0.07856893539428711
PLC/Island 1/SortingLine/SortingLine01/measurements/input/sortingLineSensMiddleLightBarrier,"{""value"": true, ""timestamp"": ""2025-05-12T12:00:31.543510+00:00Z""}",0,False,1747051375.8329372,0.0004355907440185547
PLC/Island 1/SortingLine/SortingLine01/measurements/input/sortingLineSensWhiteLightBarrier,"{""value"": true, ""timestamp"": ""2025-05-12T12:00:31.543900+00:00Z""}",0,False,1747051375.8332853,0.00034809112548828125
PLC/Island 1/SortingLine/SortingLine01/measurements/input/sortingLineSensBlueLightBarrier,"{""value"": true, ""timestamp"": ""2025-05-12T12:00:31.544157+00:00Z""}",0,False,1747051375.8334813,0.00019598007202148438
PLC/Island 1/SortingLine/SortingLine01/measurements/input/sortingLineSensRedLightBarrier,"{""value"": true, ""timestamp"": ""2025-05-12T12:00:31.544445+00:00Z""}",0,False,1747051375.8338413,0.0003600120544433594
PLC/Island 1/SortingLine/SortingLine01/measurements/input/sortingLineSensImpulseCounterRaw,"{""value"": false, ""timestamp"": ""2025-05-12T12:00:31.544811+00:00Z""}",0,False,1747051375.8342872,0.0004458427429199219
PLC/Island 1/SortingLine/SortingLine01/measurements/input/sortingLineSensInputLightBarrier,"{""value"": true, ""timestamp"": ""2025-05-12T12:00:31.664265+00:00Z""}",0,False,1747051375.957361,0.12307381629943848
PLC/Island 1/SortingLine/SortingLine01/measurements/input/sortingLineSensMiddleLightBarrier,"{""value"": true, ""timestamp"": ""2025-05-12T12:00:31.664804+00:00Z""}",0,False,1747051375.9578173,0.0004563331604003906
PLC/Island 1/SortingLine/SortingLine01/measurements/input/sortingLineSensWhiteLightBarrier,"{""value"": true, ""timestamp"": ""2025-05-12T12:00:31.665311+00:00Z""}",0,False,1747051375.9580784,0.00026106834411621094
PLC/Island 1/SortingLine/SortingLine01/measurements/input/sortingLineSensBlueLightBarrier,"{""value"": true, ""timestamp"": ""2025-05-12T12:00:31.665573+00:00Z""}",0,False,1747051375.9584012,0.0003228187561035156
PLC/Island 1/SortingLine/SortingLine01/measurements/input/sortingLineSensRedLightBarrier,"{""value"": true, ""timestamp"": ""2025-05-12T12:00:31.665775+00:00Z""}",0,False,1747051375.9587607,0.00035953521728515625
PLC/Island 1/SortingLine/SortingLine01/measurements/input/sortingLineSensImpulseCounterRaw,"{""value"": true, ""timestamp"": ""2025-05-12T12:00:31.666271+00:00Z""}",0,False,1747051375.9590983,0.0003376007080078125
PLC/Island 1/SortingLine/SortingLine01/measurements/output/sortingLineActMotorConveyor,"{""value"": false, ""timestamp"": ""2025-05-12T12:00:31.667596+00:00Z""}",0,False,1747051375.9594529,0.00035452842712402344
PLC/Island 1/SortingLine/SortingLine01/measurements/output/sortingLineActCompressorOn,"{""value"": true, ""timestamp"": ""2025-05-12T12:00:31.668438+00:00Z""}",0,False,1747051375.959753,0.0003001689910888672
PLC/Island 1/SortingLine/SortingLine01/measurements/output/sortingLineActWhiteEjector,"{""value"": false, ""timestamp"": ""2025-05-12T12:00:31.668969+00:00Z""}",0,False,1747051375.9600234,0.0002703666687011719
PLC/Island 1/SortingLine/SortingLine01/measurements/output/sortingLineActRedEjector,"{""value"": true, ""timestamp"": ""2025-05-12T12:00:31.669450+00:00Z""}",0,False,1747051375.9602966,0.0002732276916503906
PLC/Island 1/SortingLine/SortingLine01/measurements/output/sortingLineActBlueEjector,"{""value"": false, ""timestamp"": ""2025-05-12T12:00:31.669904+00:00Z""}",0,False,1747051375.9605634,0.00026679039001464844
PLC/Island 1/SortingLine/SortingLine01/measurements/input/sortingLineSensInputLightBarrier,"{""value"": true, ""timestamp"": ""2025-05-12T12:00:31.704513+00:00Z""}",0,False,1747051375.9949164,0.034353017807006836
PLC/Island 1/SortingLine/SortingLine01/measurements/input/sortingLineSensMiddleLightBarrier,"{""value"": true, ""timestamp"": ""2025-05-12T12:00:31.704977+00:00Z""}",0,False,1747051375.9954615,0.0005450248718261719
PLC/Island 1/SortingLine/SortingLine01/measurements/input/sortingLineSensWhiteLightBarrier,"{""value"": true, ""timestamp"": ""2025-05-12T12:00:31.705228+00:00Z""}",0,False,1747051375.9956331,0.000171661376953125
PLC/Island 1/SortingLine/SortingLine01/measurements/input/sortingLineSensBlueLightBarrier,"{""value"": true, ""timestamp"": ""2025-05-12T12:00:31.705473+00:00Z""}",0,False,1747051375.99583,0.00019693374633789062
PLC/Island 1/SortingLine/SortingLine01/measurements/input/sortingLineSensRedLightBarrier,"{""value"": true, ""timestamp"": ""2025-05-12T12:00:31.705777+00:00Z""}",0,False,1747051375.995959,0.0001289844512939453
PLC/Island 1/SortingLine/SortingLine01/measurements/input/sortingLineSensImpulseCounterRaw,"{""value"": false, ""timestamp"": ""2025-05-12T12:00:31.706133+00:00Z""}",0,False,1747051375.9961689,0.000209808349609375
PLC/Island 1/SortingLine/SortingLine01/measurements/input/sortingLineSensInputLightBarrier,"{""value"": true, ""timestamp"": ""2025-05-12T12:00:32.066845+00:00Z""}",0,False,1747051376.3572633,0.36109447479248047
PLC/Island 1/SortingLine/SortingLine01/measurements/input/sortingLineSensMiddleLightBarrier,"{""value"": true, ""timestamp"": ""2025-05-12T12:00:32.067696+00:00Z""}",0,False,1747051376.357498,0.0002346038818359375
PLC/Island 1/SortingLine/SortingLine01/measurements/input/sortingLineSensWhiteLightBarrier,"{""value"": true, ""timestamp"": ""2025-05-12T12:00:32.068100+00:00Z""}",0,False,1747051376.3589892,0.0014913082122802734
PLC/Island 1/SortingLine/SortingLine01/measurements/input/sortingLineSensBlueLightBarrier,"{""value"": true, ""timestamp"": ""2025-05-12T12:00:32.068662+00:00Z""}",0,False,1747051376.3596542,0.0006649494171142578
PLC/Island 1/SortingLine/SortingLine01/measurements/input/sortingLineSensRedLightBarrier,"{""value"": false, ""timestamp"": ""2025-05-12T12:00:32.069340+00:00Z""}",0,False,1747051376.3603585,0.0007042884826660156
PLC/Island 1/SortingLine/SortingLine01/measurements/input/sortingLineSensImpulseCounterRaw,"{""value"": false, ""timestamp"": ""2025-05-12T12:00:32.070633+00:00Z""}",0,False,1747051376.3607419,0.0003833770751953125
PLC/Island 1/SortingLine/SortingLine01/events/emitted/command_feedback,"{""value"": ""{\""jsonType\"": \""COMMAND_FEEDBACK\"", \""commandId\"": 4, \""status\"": \""DONE\"", \""info\"": \""routine finished\\nLast subCycleStepResult:  CycleStepResultEnum.DONE\""}"", ""timestamp"": ""2025-05-12T12:00:32.185657+00:00Z""}",0,False,1747051376.4786277,0.11788582801818848
PLC/Island 1/SortingLine/SortingLine01/measurements/internal/isExecuting,"{""value"": false, ""timestamp"": ""2025-05-12T12:00:32.191700+00:00Z""}",0,False,1747051376.4815001,0.002872467041015625
PLC/Island 1/SortingLine/SortingLine01/measurements/output/sortingLineActMotorConveyor,"{""value"": false, ""timestamp"": ""2025-05-12T12:00:32.193945+00:00Z""}",0,False,1747051376.4823377,0.0008375644683837891
PLC/Island 1/SortingLine/SortingLine01/measurements/output/sortingLineActCompressorOn,"{""value"": false, ""timestamp"": ""2025-05-12T12:00:32.194548+00:00Z""}",0,False,1747051376.48457,0.0022323131561279297
PLC/Island 1/SortingLine/SortingLine01/measurements/output/sortingLineActWhiteEjector,"{""value"": false, ""timestamp"": ""2025-05-12T12:00:32.195723+00:00Z""}",0,False,1747051376.4849603,0.0003902912139892578
PLC/Island 1/SortingLine/SortingLine01/measurements/output/sortingLineActRedEjector,"{""value"": false, ""timestamp"": ""2025-05-12T12:00:32.196220+00:00Z""}",0,False,1747051376.4858882,0.0009279251098632812
PLC/Island 1/SortingLine/SortingLine01/measurements/output/sortingLineActBlueEjector,"{""value"": false, ""timestamp"": ""2025-05-12T12:00:32.196600+00:00Z""}",0,False,1747051376.4863381,0.00044989585876464844
PLC/Island 1/SortingLine/SortingLine01/events/emitted/machine_feedback,"{""value"": ""{\""jsonType\"": \""MACHINE_FEEDBACK\"", \""status\"": \""INITIALIZED_IDLE\"", \""info\"": \""\""}"", ""timestamp"": ""2025-05-12T12:00:32.222714+00:00Z""}",0,False,1747051376.554906,0.034485578536987305
PLC/Island 1/SortingLine/SortingLine01/measurements/input/sortingLineSensInputLightBarrier,"{""value"": true, ""timestamp"": ""2025-05-12T12:00:44.852207+00:00Z""}",0,False,1747051389.1413157,0.002930879592895508
PLC/Island 1/SortingLine/SortingLine01/measurements/input/sortingLineSensMiddleLightBarrier,"{""value"": true, ""timestamp"": ""2025-05-12T12:00:44.852466+00:00Z""}",0,False,1747051389.1416023,0.0002865791320800781
PLC/Island 1/SortingLine/SortingLine01/measurements/input/sortingLineSensWhiteLightBarrier,"{""value"": true, ""timestamp"": ""2025-05-12T12:00:44.852678+00:00Z""}",0,False,1747051389.1416597,5.745887756347656e-05
PLC/Island 1/SortingLine/SortingLine01/measurements/input/sortingLineSensBlueLightBarrier,"{""value"": true, ""timestamp"": ""2025-05-12T12:00:44.852871+00:00Z""}",0,False,1747051389.1417432,8.344650268554688e-05
PLC/Island 1/SortingLine/SortingLine01/measurements/input/sortingLineSensRedLightBarrier,"{""value"": true, ""timestamp"": ""2025-05-12T12:00:44.853156+00:00Z""}",0,False,1747051389.1418352,9.202957153320312e-05
PLC/Island 1/SortingLine/SortingLine01/measurements/input/sortingLineSensImpulseCounterRaw,"{""value"": false, ""timestamp"": ""2025-05-12T12:00:44.853352+00:00Z""}",0,False,1747051389.1419775,0.0001423358917236328
